entity_id,name,last_seen_at,hours_since,within_sla,status
1,SECRETARIA MUNICIPAL DE EDUCACAO,,,False,never
2,SANTO AMARO DA IMPERATRIZ CAMARA DE VEREADORES,,,False,never
3,MUNICIPIO DE SANTO AMARO DA IMPERATRIZ,2026-07-13T14:18:08+00:00,126.654,False,stale
4,FUNDO MUNICIPAL DE ASSISTENCIA SOCIAL,,,False,never
5,FUNDO MUNICIPAL DE TURISMO,,,False,never
6,FUNDO MUNICIPAL DE DESENVOLVIMENTO AGROPECUARIO,,,False,never
7,INSTITUTO DE PREVIDENCIA SOCIAL DOS SERVIDORES PUBLICOS DO M,,,False,never
8,DIRETORIA DE DEFESA CIVIL DE SANTO AMARO DA IMPERATRIZ,,,False,never
9,SECRETARIA MUNICIPAL DE EDUCACAO,,,False,never
10,SERVICO AUTONOMO MUNICIPAL DE AGUA E ESGOTO,,,False,never
11,GOVERNADOR CELSO RAMOS CAMARA MUNICIPAL,,,False,never
12,MUNICIPIO DE GOVERNADOR CELSO RAMOS,,,False,never
13,FUNDACAO DO MEIO AMBIENTE DE GOVERNADOR CELSO RAMOS - FAMGOV,,,False,never
14,FUNDACAO MUNICIPAL DE ESPORTES,,,False,never
15,CAMARA MUNICIPAL DE VEREADORES DE TIJUCAS,,,False,never
16,MUNICIPIO DE TIJUCAS,2026-07-15T10:14:22+00:00,82.716,False,stale
17,SAMAE - SERVICO AUTONOMO MUNICIPAL DE AGUA E ESGOTO,2026-07-15T16:03:08+00:00,76.904,False,stale
18,INSTITUTO DE PREVIDENCIA DOS SERVIDORES PUBLICOS DO MUNICIPIO DE TIJUCAS,,,False,never
19,FUNDACAO CULTURAL TRADICAO DE TIJUCAS,,,False,never
20,FUNDACAO HOSPITALAR MUNICIPAL DE CANELINHA,,,False,never
21,MUNICIPIO DE CANELINHA,2026-07-16T13:45:44+00:00,55.194,False,stale
22,CANELINHA PREFEITURA,,,False,never
23,CAMARA DE VEREADORES DO MUNICIPIO DE CANELINHA,,,False,never
24,"SERVICO MUNICIPAL DE AGUA, INFRA ESTRUTURA E SANEAMENTO DE CANELINHA - SEMAIS",2026-07-03T00:00:00+00:00,380.956,False,stale
25,SECRETARIA MUNICIPAL DE EDUCACAO,,,False,never
26,CAMARA MUNICIPAL DE PAULO LOPES,,,False,never
27,MUNICIPIO DE PAULO LOPES,2026-07-15T11:57:59+00:00,80.99,False,stale
28,INST.DE PREV. SOCIAL DOS SERV. PUBLICOS DO MUNICIPIO DE PAULO LOPES - IPRELOPES,,,False,never
29,MUNICIPIO DE ANGELINA,,,False,never
30,INSTITUTO DE PREVIDENCIA SOCIAL DOS SERVIDORES PUBLICOS DO MUNICIPIO DE ANGELINA,,,False,never
31,CAMARA MUNICIPAL DE ANGELINA,,,False,never
32,SECRETARIA MUNICIPAL DE EDUCACAO E DESPORTO,,,False,never
33,SECRETARIA MUNICIPAL DE EDUCACAO,,,False,never
34,MUNICIPIO DE MAJOR GERCINO,2026-07-17T10:32:13+00:00,34.419,False,stale
35,CAMARA MUNICIPAL DE VEREADORES DE MAJOR GERCINO,,,False,never
36,"SECRETARIA DE EDUCACAO, CULTURA E DESPORTO DE RANCHO QUEIMADO",,,False,never
37,MUNICIPIO DE RANCHO QUEIMADO,2026-07-17T14:03:09+00:00,30.903,False,stale
38,INSTITUTO PREVIDENCIA SOCIAL DOS SERVIDORES PUBLICOS DE RANCHO QUEIMADO,,,False,never
39,CAMARA MUNICIPAL DE RANCHO QUEIMADO,,,False,never
40,SECRETARIA MUNICIPAL DE EDUCACAO DE PORTO BELO,,,False,never
41,GUARDA MUNICIPAL DE PORTO BELO,,,False,never
42,SERVICO AUTONOMO MUNICIPAL DE AGUA E ESGOTO - SAMAE,,,False,never
43,MUNICIPIO DE PORTO BELO,2026-07-17T14:27:25+00:00,30.499,False,stale
44,CAMARA MUNICIPAL DE VEREADORES DE PORTO BELO,,,False,never
45,CONSORCIO INTERMUNICIPAL DE TURISMO COSTA VERDE E MAR,,,False,never
46,FUNDACAO MUNICIPAL DE ESPORTES DE PORTO BELO,2026-07-17T15:42:20+00:00,29.25,False,stale
47,FUNDACAO MUNICIPAL DA CULTURA DE PORTO BELO,,,False,never
48,PREFEITURA MUNICIPAL DE PORTO BELO/FUMREBOM,,,False,never
49,FUNDACAO MUNICIPAL DE TURISMO E DESENVOLVIMENTO ECONOMICO DE PORTO BELO,2026-07-17T14:36:04+00:00,30.355,False,stale
50,FUNDACAO MUNICIPAL DO MEIO AMBIENTE DE PORTO BELO,,,False,never
51,COORDENADORIA MUNICIPAL DE DEFESA CIVIL DO MUNICIPIO DE PORTO BELO - COMDEC,,,False,never
52,INSTITUTO DE PREVIDENCIA DOS SERVIDORES PUBLICOS DE PORTO BELO,,,False,never
53,INSTITUTO MUNICIPAL DO MEIO AMBIENTE DE GAROPABA - IMAG,,,False,never
54,SECRETARIA MUNICIPAL DE EDUCACAO E CULTURA DE GAROPABA SC,,,False,never
55,CAMARA MUNICIPAL DE GAROPABA,,,False,never
56,MUNICIPIO DE GAROPABA,2026-07-16T17:59:58+00:00,50.956,False,stale
57,INSTITUTO DE PREVIDENCIA SOCIAL DOS SERVIDORES PUBLICOS DO MUNICIPIO DE GAROPABA,,,False,never
58,FUNDACAO DE CULTURA TURISMO E ESPORTE DE GAROPABA,,,False,never
59,CAMARA MUNICIPAL DE BOMBINHAS,,,False,never
60,MUNICIPIO DE BOMBINHAS,,,False,never
61,FUNDACAO MUNICIPAL DE ESPORTES DE BOMBINHAS,,,False,never
62,FUNDACAO MUNICIPAL DE CULTURA DE BOMBINHAS,,,False,never
63,FUNDACAO MUNICIPAL DE AMPARO AO MEIO AMBIENTE DE BOMBINHAS,2026-07-15T17:56:19+00:00,75.017,False,stale
64,SECRETARIA MUNICIPAL DE EDUCACAO,,,False,never
65,MUNICIPIO DE NOVA TRENTO,2026-07-17T15:14:04+00:00,29.721,False,stale
66,SERVICO AUTONOMO MUNICIPAL DE AGUA E ESGOTO,,,False,never
67,CAMARA MUNICIPAL DE VEREADORES DE NOVA TRENTO,,,False,never
68,INSTITUTO DE PREVIDENCIA SOCIAL DOS SERVIDORES PUBLICOS DO MUNICIPIO DE NOVA TRENTO,,,False,never
69,COORDENADORIA MUNICIPAL DE DEFESA CIVIL DE NOVA TRENTO,,,False,never
70,GUARDA MUNICIPAL DE ITAPEMA,,,False,never
71,MUNICIPIO DE ITAPEMA,2026-07-17T09:48:37+00:00,35.146,False,stale
72,ITAPEMA CAMARA MUNICIPAL,2026-07-17T13:32:15+00:00,31.418,False,stale
73,FUNDACAO AMBIENTAL AREA COSTEIRA DE ITAPEMA,,,False,never
74,ITATRAN - FUNDACAO MUNICIPAL DE TRANSITO,,,False,never
75,FUNDACAO MUNICIPAL DE CULTURA DE ITAPEMA,,,False,never
76,FUNDACAO MUNICIPAL DE ESPORTES,,,False,never
77,"AGENCIA MUNICIPAL DE REGULACAO, CONTROLE E FISCALIZACAO DO MUNICIPIO DE ITAPEMA",,,False,never
78,SECRETARIA MUNICIPAL DE EDUCACAO DE ITAPEMA,,,False,never
79,FUNDACAO MUNICIPAL DE TURISMO - FUMTUR,,,False,never
80,FUNDACAO ECOLOGICA E ZOOBOTANICA DE BRUSQUE,2026-07-02T00:00:00+00:00,404.956,False,stale
81,SERVICO AUTONOMO MUNICIPAL DE AGUA E ESGOTO,2026-07-16T15:31:46+00:00,53.426,False,stale
82,MUNICIPIO DE BRUSQUE,2026-07-17T00:05:10+00:00,44.87,False,stale
83,FUNDACAO EDUCACIONAL DE BRUSQUE - FEBE,,,False,never
84,CAMARA MUNICIPAL DE BRUSQUE,2026-07-16T13:26:55+00:00,55.507,False,stale
85,COMISSAO CENTRAL ORGANIZADORA 40 JASC,,,False,never
86,FUNDACAO CULTURAL DE BRUSQUE,,,False,never
87,PREVIBRUSQUE,,,False,never
88,FUNDACAO MUNICIPAL DO MEIO AMBIENTE,,,False,never
89,BRUSQUE TRANSITO E TRANSPORTES - B-TRANS,,,False,never
90,INSTITUTO BRUSQUENSE DE PLANEJAMENTO - IBPLAN,,,False,never
91,FUNDACAO MUNICIPAL DE ESPORTES DE BRUSQUE,,,False,never
92,INSTITUTO BRUSQUENSE DE PREVIDENCIA - IBPREV,,,False,never
93,SECRETARIA DE EDUCACAO,,,False,never
94,COMPANHIA DE DESENVOLVIMENTO E URBANIZACAO DE BRUSQUE,,,False,never
95,CAMARA MUNICIPAL DE VEREADORES DE GUABIRUBA,,,False,never
96,MUNICIPIO DE GUABIRUBA,2026-07-17T14:48:46+00:00,30.143,False,stale
97,SECRETARIA MUNICIPAL DA EDUCACAO,,,False,never
98,FUNDACAO CULTURAL DE GUABIRUBA,,,False,never
99,IMBITUBA CAMARA MUNICIPAL,2026-07-17T18:28:31+00:00,26.481,False,stale
100,MUNICIPIO DE IMBITUBA,2026-07-16T22:24:58+00:00,46.54,False,stale
101,FUNDACAO MUNICIPAL DE ESPORTES - FME,,,False,never
102,FUNDACAO CULTURAL DE IMBITUBA - FUNCI,,,False,never
103,SERVICO AUTONOMO MUNICIPAL DE AGUA E ESGOTO (SAMAE) DE IMBITUBA,,,False,never
104,"SECRETARIA MUNICIPAL DE EDUCACAO, CULTURA E ESPORTE DE IMBITUBA SC",,,False,never
105,"SECRETARIA MUNICIPAL DA EDUCACAO, CULTURA E DESPORTO DE LEOBERTO LEAL SC",,,False,never
106,MUNICIPIO DE LEOBERTO LEAL,,,False,never
107,INST. DE PREV. SOCIAL DOS SERV. PUBLICOS DO MUNICIPIO DE LEOBERTO LEAL - IPRELL,,,False,never
108,CAMARA MUNICIPAL DE LEOBERTO LEAL,,,False,never
109,SECRETARIA MUNICIPAL DE EDUCACAO E DESPORTO DO MUNICIPIO DE SANTA ROSA DE LIMA,,,False,never
110,MUNICIPIO DE SANTA ROSA DE LIMA,2026-07-13T08:04:14+00:00,132.885,False,stale
111,CAMARA MUNICIPAL DE SANTA ROSA DE LIMA,2026-07-17T12:15:58+00:00,32.69,False,stale
112,FUNDO MUNICIPAL DE HABITACAO  DO MUNICIPIO DE SANTA ROSA DE LIMA,,,False,never
113,SECRETARIA MUNICIPAL DE EDUCACAO E DESPORTO,,,False,never
114,SECRETARIA MUNICIPAL DA EDUCACAO E DESPORTO,,,False,never
115,MUNICIPIO DE ALFREDO WAGNER,,,False,never
116,INSTITUTO DE PREVIDENCIA SOCIAL DOS SERVID. PUBLIC DO MUNICIP DE ALFR WAGNER - IPREALWAG,,,False,never
117,CAMARA DE VEREADORES DO MUNICIPIO DE ALFREDO WAGNER,,,False,never
118,COORDENADORIA MUNICIPAL DE DEFESA CIVIL DO MUNICIPIO DE ALFREDO WAGNER,,,False,never
119,MUNICIPIO DE NAVEGANTES,2026-07-17T16:20:18+00:00,28.618,False,stale
120,NAVEGANTES CAMARA DE VEREADORES,2026-07-16T14:08:35+00:00,54.813,False,stale
121,FUNDACAO HOSPITALAR MUNICIPAL DE NAVEGANTES,,,False,never
122,FUNDACAO MUNICIPAL DE ESPORTE,,,False,never
123,FUNDACAO CULTURAL DE NAVEGANTES,,,False,never
124,INSTITUTO AMBIENTAL DE NAVEGANTES - IAN,,,False,never
125,SECRETARIA MUNICIPAL DE EDUCACAO DE NAVEGANTES,,,False,never
126,FUNDACAO MUNICIPAL DE VIGILANCIA DE NAVEGANTES,,,False,never
127,INSTITUTO DE PREVIDENCIA SOCIAL DO MUNICIPIO DE NAVEGANTES - NAVEGANTESPREV,2026-07-15T14:35:50+00:00,78.359,False,stale
128,SECRETARIA MUNICIPAL DA EDUCACAO,,,False,never
129,MUNICIPIO DE RIO FORTUNA,2026-07-17T10:39:12+00:00,34.303,False,stale
130,CAMARA MUNICIPAL DE RIO FORTUNA,,,False,never
131,"SECRETARIA DE EDUCACAO, CULTURA E DESPORTO",,,False,never
132,MUNICIPIO DE ILHOTA,2026-07-16T11:17:16+00:00,57.668,False,stale
133,ILHOTA CAMARA DE VEREADORES,,,False,never
134,FUNDACAO CULTURAL JOSE IZIDRO VIEIRA,2026-07-14T15:10:58+00:00,101.773,False,stale
135,FUNDACAO MUNICIPAL DE ESPORTES DE ILHOTA,,,False,never
136,ILHOTAPREV - INSTITUTO DE PREVIDENCIA MUNICIPAL DE ILHOTA,,,False,never
137,SECRETARIA MUNICIPAL DE EDUCACAO E CULTURA,2026-07-16T13:56:11+00:00,55.02,False,stale
138,SERVICO AUTONOMO MUNICIPAL DE AGUA E ESGOTO DO MUNICIPIO DE ILHOTA,,,False,never
139,MUNICIPIO DE VIDAL RAMOS,2026-07-13T07:59:31+00:00,132.964,False,stale
140,FUNDACAO MUNICIPAL DO MEIO AMBIENTE-FUNDEMA,,,False,never
141,CAMARA DE VEREADORES DO MUNICIPIO DE VIDAL RAMOS,,,False,never
142,SECRETARIA DA EDUCACAO DE VIDAL RAMOS SC,,,False,never
143,PREVID DOS SERVIDORES PUBLICOS MUNICIPAIS DE GASPAR,,,False,never
144,SERVICO AUTONOMO MUNICIPAL DE AGUA E ESGOTO,,,False,never
145,MUNICIPIO DE GASPAR,2026-07-14T16:52:03+00:00,100.088,False,stale
146,GASPAR CAMARA DE VEREADORES,,,False,never
147,"FUNDACAO MUNICIPAL DE ESPORTES, TURISMO, CULTURA E LAZER",,,False,never
148,SECRETARIA MUNICIPAL DE EDUCACAO DE GASPAR,,,False,never
149,FUNDACAO HOSPITALAR DE IMBUIA,,,False,never
150,FUNDACAO MUNICIPAL DE ESPORTES DE IMBUIA,,,False,never
151,MUNICIPIO DE IMBUIA,,,False,never
152,CAMARA DE VEREADORES DE IMBUIA,,,False,never
153,SECRETARIA MUNICIPAL DE EDUCACAO DE IMBUIA,,,False,never
154,MUNICIPIO DE PRESIDENTE NEREU,,,False,never
155,PRESIDENTE NEREU CAMARA DE VEREADORES,,,False,never
156,FUNDACAO MUNICIPAL DE ESPORTES,,,False,never
157,SECRETARIA DE EDUCACAO DE PRESIDENTE NEREU,,,False,never
158,INSTITUTO DE PESQ E PLANEJAM URBANO DE BLUMENAU,,,False,never
159,BLUMENAU PROCURADORIA GERAL DO MUNICIPIO,,,False,never
160,BLUMENAU SECRETARIA MUNICIPAL DE PLANEJAMENTO,,,False,never
161,BLUMENAU PREFEITURA,,,False,never
162,BLUMENAU SECRETARIA DO MEIO AMBIENTE E DEFESA CIVIL,,,False,never
163,FUNDACAO MUNICIPAL DE DESPORTOS,,,False,never
164,FUNDACAO MUNICIPAL DO MEIO AMBIENTE,,,False,never
165,BLUMENAU SECRET MUNICIPAL DA CRIANCA E DO ADOLESCENTE,,,False,never
166,BLUMENAU INTENDENCIA DE VILA ITOUPAVA,,,False,never
167,BLUMENAU SECRETARIA MUNICIPAL DE COMUNICACAO SOCIAL,,,False,never
168,FUNDACAO UNIVERSIDADE REGIONAL DE BLUMENAU - FURB,2026-07-17T17:51:13+00:00,27.102,False,stale
169,FUNDACAO PROMOTORA DE EXPOSICOES DE BLUMENAU,,,False,never
170,BLUMENAU PREFEITURA,,,False,never
171,MUNICIPIO DE BLUMENAU,2026-07-17T16:01:22+00:00,28.933,False,stale
172,BLUMENAU SECRETARIA MUNICIPAL DE FINANCAS,,,False,never
173,BLUMENAU SECRET MUNICIPAL DE OBRAS E SERVICOS URBANOS,,,False,never
174,BLUMENAU SECRETARIA MUNICIPAL DE ASSISTENCIA SOCIAL,,,False,never
175,BLUMENAU SECRETARIA MUNICIPAL DE EDUCACAO,,,False,never
176,BLUMENAU SECRETARIA MUNICIPAL DE SAUDE,2026-07-03T00:00:00+00:00,380.956,False,stale
177,CAMARA MUNICIPAL DE BLUMENAU,2026-07-13T16:01:23+00:00,124.933,False,stale
178,SERVICO AUTONOMO MUNICIPAL DE TRANSITO E TRANSPORTES DE BLUMENAU,,,False,never
179,SERVICO AUTONOMO MUNICIPAL DE AGUA E ESGOTO,2026-07-17T14:11:47+00:00,30.76,False,stale
180,BLUMENAU SECRETARIA MUNICIPAL DE CULTURA E TURISMO,,,False,never
181,FUNDACAO CULTURAL DE BLUMENAU,,,False,never
182,BLUMENAU CONSELHO MUNICIPAL DE ENTORPECENTES,,,False,never
183,BLUMENAU SECRETARIA MUNICIPAL DE CAPTACAO DE RECURSOS,,,False,never
184,"BLUMENAU SECRETARIA MUNICIPAL DE TRABALHO, RENDA E DESENVOLVIMENTO ECONOMICO",,,False,never
185,BLUMENAU SECRETARIA MUNICIPAL DE CAPTACAO DE RECURSOS,,,False,never
186,"BLUMENAU SECRETARIA MUNICIPAL DE TRABALHO, RENDA E DESENVOLVIMENTO ECONOMICO",,,False,never
187,CONSORCIO PUBLICO INTERFEDERATIVO DE SAUDE E SERVICOS DO VALE EUROPEU  CISAMVE,2026-07-17T18:25:03+00:00,26.538,False,stale
188,INSTITUTO MUNICIPAL DE SEGURIDADE SOCIAL DO SERVIDOR DE BLUM,,,False,never
189,FUNDACAO DO BEM-ESTAR DA FAMILIA BLUMENAUENSE,,,False,never
190,FARMACIA POPULAR DO BRASIL,,,False,never
191,SECRETARIA MUNICIPAL DE EDUCACAO DE BLUMENAU SC,,,False,never
192,COMPANHIA DE URBANIZACAO DE BLUMENAU - URB EM LIQUIDACAO,,,False,never
193,MUNICIPIO DE PENHA,2026-07-15T14:41:20+00:00,78.267,False,stale
194,PENHA CAMARA DE VEREADORES,2026-07-17T11:59:44+00:00,32.96,False,stale
195,ASSOCIACAO DE PAIS E PROFESSORES DA ESCOLA MUNICIPAL ESPECIAL AMOR PERFEITO,,,False,never
196,FUNDACAO MUNICIPAL DE ESPORTES DE PENHA,,,False,never
197,FUNDACAO MUNICIPAL CULTURAL PICUCHO SANTOS,2026-07-17T10:41:36+00:00,34.263,False,stale
198,INSTITUTO MUNICIPAL DO MEIO AMBIENTE DE PENHA - IMA,,,False,never
199,COMPANHIA DE DESENVOLVIMENTO E URBANIZACAO DA PENHA,,,False,never
200,MUNICIPIO DE GRAVATAL,2026-07-15T13:06:52+00:00,79.841,False,stale
201,CAMARA MUNICIPAL DE GRAVATAL,,,False,never
202,"SEC MUNICIPAL DE EDUCACAO, CULTURA, ESPORTE E LAZER - GRAVATAL - SC",,,False,never
203,FUNDACAO MUNICIPAL DE ESPORTES,,,False,never
204,MUNICIPIO DE PESCARIA BRAVA,2026-07-13T13:03:03+00:00,127.905,False,stale
205,CAMARA MUNICIPAL DE PESCARIA BRAVA,,,False,never
206,MUNICIPIO DE BOM RETIRO,2026-07-17T15:16:33+00:00,29.68,False,stale
207,CAMARA MUNICIPAL DE VEREADORES DE BOM RETIRO,,,False,never
208,FUNDACAO CULTURAL DE BOM RETIRO - FCBR,,,False,never
209,ABRIGO INSTITUCIONAL ANA ANTONINA ANTONIO,,,False,never
210,MUNICIPIO DE LAGUNA,2026-07-16T17:26:03+00:00,51.522,False,stale
211,FUNDACAO MEDICO HOSPITALAR DO MUNICIPIO DE LAGUNA,,,False,never
212,CAMARA MUNICIPAL DA LAGUNA,,,False,never
213,FUNDACAO DA FAMILIA E ASSUNTOS COMUNITARIOS IRMA VERA,,,False,never
214,FUNDACAO LAGUNENSE DE CULTURA,,,False,never
215,FUNDACAO CULTURAL DOMINGOS DE BRITO PEIXOTO,,,False,never
216,SECRETARIA MUNICIPAL DE EDUCACAO DE LAGUNA,,,False,never
217,FUNDACAO LAGUNENSE DO MEIO AMBIENTE,,,False,never
218,GUARDA MUNICIPAL DE LAGUNA,,,False,never
219,FUNDACAO INDAIALENSE DE CULTURA PREFEITO VICTOR PETTERS,,,False,never
220,MUNICIPIO DE INDAIAL,2026-07-17T11:27:33+00:00,33.497,False,stale
221,INDAIAL CAMARA DE VEREADORES,,,False,never
222,FUNDACAO MUNICIPAL DE ESPORTES VEREADOR MARO MARCOS HADLICH,,,False,never
223,INSTITUTO DE APOSENTADORIA E PENSOES DOS SERVIDORES PUBLICOS MUNICIPAIS DE INDAIAL - INDAPREV,,,False,never
224,SECRETARIA MUNICIPAL DE EDUCACAO DE INDAIAL SC,,,False,never
225,MUNICIPIO DE CAPIVARI DE BAIXO,2026-07-17T11:54:12+00:00,33.053,False,stale
226,CAPIVARI DE BAIXO CAMARA MUNICIPAL,2026-07-17T13:01:29+00:00,31.931,False,stale
227,FUNDACAO DO RESGATE HISTORICO SOCIAL E CULTURAL DE CAPIVARI DE BAIXO,,,False,never
228,SECRETARIA MUNICIPAL DE EDUCACAO DE LUIZ ALVES,,,False,never
229,MUNICIPIO DE LUIZ ALVES,2026-07-17T16:05:47+00:00,28.86,False,stale
230,LUIS ALVES CAMARA DE VEREADORES,,,False,never
231,ITUPORANGA CAMARA DE VEREADORES,2026-07-17T13:30:26+00:00,31.449,False,stale
232,FUNDACAO MUNICIPAL DE ESPORTES DO MUN DE ITUPORANGA,,,False,never
233,MUNICIPIO DE ITUPORANGA,2026-07-16T14:08:43+00:00,54.811,False,stale
234,"FEXPONACE FUNDACAO PROMOTORA DE EXPOSICOES, FEIRAS E EVENTOS TURISTICOS, CULTURAIS E ESPORTIVOS DE ITUPORANGA",,,False,never
235,CONSORCIO INTERMUNICIPAL MULTIFINALITARIO DOS MUNICIPIOS DA AMAVI - CIM-AMAVI,,,False,never
236,SECRETARIA MUNICIPAL DE EDUCACAO DE ITUPORANGA /SC,,,False,never
237,MUNICIPIO DE BARRA VELHA,2026-07-17T14:33:41+00:00,30.395,False,stale
238,CAMARA DE VEREADORES DE BARRA VELHA,2026-07-17T19:00:34+00:00,25.946,False,stale
239,IPREVE INSTITUTO DE PREVIDENCIA SOCIAL DOS SERVIDORES PUBLICOS DO MUNICIPIO DE BARRA VELHA.,,,False,never
240,FUNDACAO MUNICIPAL DE ESPORTES,,,False,never
241,FUNDACAO HOSPITALAR MUNICIPAL DE BARRA VELHA,,,False,never
242,FUNDACAO MUNICIPAL DO MEIO AMBIENTE DE BARRA VELHA,,,False,never
243,"FUNDACAO MUNICIPAL TURISMO, ESPORTES E CULTURA - FUMTEC",,,False,never
244,FUNDACAO MUNICIPAL DA CULTURA DE BARRA VELHA,,,False,never
245,"SECRETARIA MUNICIPAL DA EDUCACAO, CULTURA E DESPORTO DE BARRA VELHA - SEMEC",,,False,never
246,CONSELHO MUNICIPAL DE DESNVOLVIMENTO RURAL,,,False,never
247,LONTRAS CAMARA DE VEREADORES,,,False,never
248,MUNICIPIO DE LONTRAS,,,False,never
249,FUNDACAO ARCO IRIS,,,False,never
250,COORDENADORIA MUNICIPAL DE PROTECAO E DEFESA CIVIL - LONTRAS - SC,,,False,never
251,"SECRETARIA DE EDUCACAO, CULTURA E DESPORTO DE LONTRAS",,,False,never
252,MUNICIPIO DE ASCURRA,,,False,never
253,ASCURRA CAMARA DE VEREADORES,,,False,never
254,AGENCIA INTERMUNICIPAL DE REGULACAO DE SERVICOS PUBLICOS,,,False,never
255,"SECRETARIA MUNICIPAL DE EDUCACAO, DESPORTO, CULTURA E PROMOCAO SOCIAL DE ASCURRA",,,False,never
256,MUNICIPIO DE RODEIO,2026-07-14T10:26:56+00:00,106.507,False,stale
257,RODEIO CAMARA DE VEREADORES,,,False,never
258,COMISSAO MUNICIPAL DE DEFESA CIVIL DO MUNICIPIO DE RODEIO,,,False,never
259,SECRETARIA DE EDUCACAO E CULTURA DE RODEIO SC,,,False,never
260,FUNDACAO MUNICIPAL DE DESPORTOS DE AURORA,,,False,never
261,MUNICIPIO DE AURORA,2026-07-17T13:27:09+00:00,31.503,False,stale
262,CAMARA DE VEREADORES DE AURORA,2026-07-13T16:44:36+00:00,124.213,False,stale
263,FUNDACAO CULTURAL DE AURORA,,,False,never
264,COMISSAO MUNICIPAL DE DEFESA CIVIL - COMDEC DO MUNICIPIO DE AURORA,,,False,never
265,SECRETARIA MUNICIPAL DE EDUCACAO DE AURORA SC,,,False,never
266,SECRETARIA MUNICIPAL DE EDUCACAO,,,False,never
267,BIBLIOTECA PUBLICA MUNICIPAL JAYME MASON,,,False,never
268,SERVICO AUTONOMO MUNICIPAL DE AGUA E ESGOTO,,,False,never
269,MUNICIPIO DE ORLEANS,2026-07-17T15:59:44+00:00,28.96,False,stale
270,CAMARA MUNICIPAL DE VEREADORES DE ORLEANS,,,False,never
271,CONSORCIO INTERMUNICIPAL DE SANEAMENTO AMBIENTAL,,,False,never
272,FAMOR - FUNDACAO AMBIENTAL MUNICIPAL DE ORLEANS,,,False,never
273,FUNDACAO MUNICIPAL DO MEIO AMBIENTE DE PEDRAS GRANDES - FUMPEG,,,False,never
274,SERVICO AUTONOMO MUNICIPAL DE AGUA E ESGOTO,,,False,never
275,MUNICIPIO DE PEDRAS GRANDES,2026-07-15T13:20:04+00:00,79.621,False,stale
276,CAMARA MUNICIPAL DE VEREADORES DE PEDRAS GRANDES,,,False,never
277,"SECRETARIA MUNICIPAL DE EDUCACAO, CIENCIA E TECNOLOGIA DE PEDRAS GRANDES SC",,,False,never
278,SECRETARIA MUNICIPAL DA EDUCACAO - FUNDEB,,,False,never
279,MUNICIPIO DE URUBICI,2026-07-17T17:34:37+00:00,27.379,False,stale
280,CAMARA MUNICIPAL DE URUBICI,,,False,never
281,MUNICIPIO DE IBIRAMA,2026-07-16T15:25:32+00:00,53.53,False,stale
282,IBIRAMA CAMARA DE VEREADORES,2026-07-13T15:59:30+00:00,124.964,False,stale
283,CONSELHO MUNICIPAL DOS DIREITOS DA CRIANCA E ADOLESCENTE,,,False,never
284,FUNDACAO EDUCACIONAL HANSA HAMMONIA,,,False,never
285,COORDENADORIA MUNICIPAL DE PROTECAO E DEFESA CIVIL,,,False,never
286,"SECRETARIA DE EDUCACAO, CULTURA E ESPORTES DE IBIRAMA - SC",,,False,never
287,MUNICIPIO DE POMERODE,2026-07-17T18:48:22+00:00,26.15,False,stale
288,POMERODE CAMARA DE VEREADORES,,,False,never
289,SERVICO AUTONOMO MUNICIPAL DE AGUA E ESGOTO,2026-07-16T11:00:52+00:00,57.941,False,stale
290,"FUNDACAO PROMOTORA DE EVENTOS,ESPORTES E LAZER DE POMERODE - FUNPEEL",,,False,never
291,SECRETARIA DE EDUCACAO E FORMACAO EMPREENDEDORA DE POMERODE,,,False,never
292,FUNDACAO MUNICIPAL DE DESPORTOS,,,False,never
293,FUNDACAO CULTURAL DE RIO DO SUL,2026-07-17T15:14:11+00:00,29.72,False,stale
294,MUNICIPIO DE RIO DO SUL,2026-07-17T15:43:03+00:00,29.238,False,stale
295,RIO DO SUL SECRETARIA DE ADMINISTRACAO,,,False,never
296,RIO DO SUL SECRETARIA DE FINANCAS,,,False,never
297,RIO DO SUL-SECRET DE EDUCACAO CULTURA SAUDE E PROM SOC,,,False,never
298,RIO DO SUL SECRETARIA DE OBRAS VIACAO E SERV URBANOS,,,False,never
299,RIO DO SUL CAMARA DE VEREADORES,,,False,never
300,SERVICO AUT MUN DE AGUA E ESGOTO,,,False,never
301,INSTITUTO DE PREVIDENCIA SOCIAL DOS SERVIDORES PUBLICOS DE RIO DO SUL,2026-07-13T09:22:44+00:00,131.577,False,stale
302,CONSELHO MUNICIPAL DE ASSISTENCIA SOCIAL DE RIO DO SUL,,,False,never
303,CONSORCIO PUBLICO INTERFEDERATIVO DE SAUDE E MULTIFINALITARIO DO ALTO VALE DO ITAJAI (CISAMAVI),2026-07-16T18:23:09+00:00,50.57,False,stale
304,SECRETARIA MUNICIPAL DE EDUCACAO,,,False,never
305,GUARDA MUNICIPAL DE RIO DO SUL,,,False,never
306,MUNICIPIO DE MASSARANDUBA,2026-07-14T08:04:55+00:00,108.874,False,stale
307,MASSARANDUBA CAMARA DE VEREADORES,,,False,never
308,HOSPITAL MUNICIPAL JOAO SCHREIBER,,,False,never
309,SECRETARIA DE EDUCACAO,,,False,never
310,"SECRETARIA DE PLANEJAMENTO, HABITACAO E MEIO AMBIENTE (SEPLAHMA)",,,False,never
311,MUNICIPIO DE RIO DOS CEDROS,2026-07-17T17:05:11+00:00,27.87,False,stale
312,RIO DOS CEDROS CAMARA DE VEREADORES,,,False,never
313,SECRETARIA DE EDUCACAO DE RIO DOS CEDROS SC,,,False,never
314,SECRETARIA DE EDUCACAO E CULTURA DE BENEDITO NOVO,,,False,never
315,MUNICIPIO DE BENEDITO NOVO,2026-07-17T10:19:33+00:00,34.63,False,stale
316,BENEDITO NOVO CAMARA DE VEREADORES,,,False,never
317,HOSPITAL MUNICIPAL HENRIQUE LAGE,,,False,never
318,MUNICIPIO DE LAURO MULLER,2026-07-17T16:40:04+00:00,28.288,False,stale
319,CAMARA MUNICIPAL DE LAURO MULLER,,,False,never
320,SECRETARIA MUNICIPAL DA EDUCACAO E DOS ESPORTES,,,False,never
321,FUNDACAO AMBIENTAL MUNICIPAL DE LAURO MULLER,,,False,never
322,CONSORCIO PUBLICO INTERFEDERATIVO DE SAUDE DA AMREC - CISAMREC,2026-07-15T14:17:27+00:00,78.665,False,stale
323,FUNDACAO DE SAUDE DE LAURO MULLER,,,False,never
324,SECRETARIA MUNICIPAL DE EDUCACAO,,,False,never
325,MUNICIPIO DE TREZE DE MAIO,2026-07-17T13:07:54+00:00,31.824,False,stale
326,CAMARA MUNICIPAL DE TREZE DE MAIO,,,False,never
327,CAMARA MUNICIPAL DE JAGUARUNA,,,False,never
328,SERVICO AUTONOMO MUNICIPAL DE AGUA E ESGOTO,,,False,never
329,MUNICIPIO DE JAGUARUNA,,,False,never
330,"CONSORCIO INTERMUNICIPAL DE APOIO CRIANCA E ADOLESCENTE DE JAGUARUNA, SANGAO E TREZE DE MAIO",,,False,never
331,INSTITUTO MUNICIPAL DO MEIO AMBIENTE DE JAGUARUNA IMAJ,,,False,never
332,SECRETARIA DA EDUCACAO DE JAGUARUNA/SC,,,False,never
333,MUSEU HISTORICO MUNICIPAL WOGECK KUBIACK DE ATALANTA,,,False,never
334,MUNICIPIO DE ATALANTA,,,False,never
335,ATALANTA CAMARA MUNICIPAL,2026-07-12T14:26:20+00:00,150.517,False,stale
336,ATALANTA CAMARA MUNICIPAL DE VEREADORES,,,False,never
337,COORDENADORIA MUNICIPAL DE DEFESA CIVIL - COMDEC DO NUNICPIO DE ATALANTA,,,False,never
338,"SECRETARIA DE EDUCACAO, CULTURA E ESPORTE DE ATALANTA SC",,,False,never
339,"SECRETARIA DE EDUCACAO, ESPORTES E CULTURA",,,False,never
340,LAURENTINO CAMARA DE VEREADORES,,,False,never
341,MUNICIPIO DE LAURENTINO,,,False,never
342,MUNICIPIO DE RIO RUFINO,2026-07-13T16:36:02+00:00,124.355,False,stale
343,CAMARA MUNICIPAL DE RIO RUFINO,,,False,never
344,SERVICO AUTONOMO DE SANEAMENTO BASICO,,,False,never
345,FUNDACAO MUNICIPAL DE ESPORTES,,,False,never
346,CAMARA MUNICIPAL DE VEREADORES DE TROMBUDO CENTRAL,,,False,never
347,MUNICIPIO DE TROMBUDO CENTRAL,2026-07-17T16:03:44+00:00,28.894,False,stale
348,CONSELHO MUNICIPAL DE ASSISTENCIA SOCIAL,,,False,never
349,CONSORCIO INTERMUNICIPAL ENTRE-RIOS,,,False,never
350,SECRETARIA DA EDUCACAO DE TROMBUDO CENTRAL,,,False,never
351,FUNDACAO EDUCACIONAL E CULTURAL DE URUSSANGA,,,False,never
352,MUNICIPIO DE URUSSANGA,2026-07-17T17:46:58+00:00,27.173,False,stale
353,SERVICO AUTONOMO MUNICIPAL DE AGUA E ESGOTO,,,False,never
354,CAMARA MUNICIPAL DE URUSSANGA,,,False,never
355,CONSORCIO INTERMUNICIPAL DE RESIDUOS SOLIDOS URBANOS DA REGIAO SUL - CIRSURES,2026-07-14T09:07:00+00:00,107.839,False,stale
356,FUNDACAO AMBIENTAL MUNICIPAL DE URUSSANGA,,,False,never
357,SECRETARIA MUNICIPAL DE EDUCACAO DE URUSSANGA,,,False,never
358,MUNICIPIO DE RIO DO OESTE,,,False,never
359,RIO DO OESTE CAMARA DE VEREADORES,,,False,never
360,SECRETARIA DA EDUCACAO E CULTURA DE RIO DO OESTE SC,,,False,never
361,FUNDACAO CULTURAL DE GUARAMIRIM,,,False,never
362,MUNICIPIO DE GUARAMIRIM,2026-07-16T11:38:11+00:00,57.32,False,stale
363,CAMARA MUNICIPAL DO MUNICIPIO DE GUARAMIRIM,2026-07-17T14:42:23+00:00,30.25,False,stale
364,HOSPITAL MUNICIPAL SANTO ANTONIO,,,False,never
365,CONSELHO MUNICIPAL DE DEFESA CIVIL - COMDEC,,,False,never
366,FUNDACAO DO MEIO AMBIENTE DE GUARAMIRIM - FUNDAG,,,False,never
367,DEPARTAMENTO MUNICIPAL DE TRANSITO,,,False,never
368,SECRETARIA MUNICIPAL DE EDUCACAO DE GUARAMIRIM - SC,,,False,never
369,MUNICIPIO DE DOUTOR PEDRINHO,2026-07-17T10:38:54+00:00,34.308,False,stale
370,CAMARA MUNICIPAL DE DOUTOR PEDRINHO/SC,2026-07-16T10:27:22+00:00,58.5,False,stale
371,SECRETARIA DE EDUCACAO E PROMOCAO SOCIAL DE DOUTOR PEDRINHO,,,False,never
372,MUNICIPIO DE DONA EMMA,2026-07-15T17:04:03+00:00,75.888,False,stale
373,DONA EMMA CAMARA DE VEREADORES,,,False,never
374,DONA EMMA CAMARA DE VEREADORES,,,False,never
375,SECRETARIA MUNICIPAL DA EDUCACAO DE DONA EMMA -SC,,,False,never
376,BOM JARDIM DA SERRA CAMARA DE VEREADORES,2026-07-17T14:17:01+00:00,30.672,False,stale
377,FUNDACAO HOSPITALAR DO MUNICIPIO DE BOM JARDIM DA SERRA,,,False,never
378,MUNICIPIO DE BOM JARDIM DA SERRA,2026-07-17T13:47:02+00:00,31.172,False,stale
379,HOSPITAL MUNICIPAL DE BOM JARDIM DA SERRA,,,False,never
380,FUNDACAO CULTURAL DE BOM JARDIM DA SERRA,,,False,never
381,SECRETARIA DE EDUCACAO BOM JARDIM DA SERRA SC,,,False,never
382,SECRETARIA MUNICIPAL DE EDUCACAO,,,False,never
383,MUNICIPIO DE COCAL DO SUL,2026-07-14T16:27:50+00:00,100.492,False,stale
384,SERVICO AUTONOMO MUNICIPAL DE AGUA E ESGOTO - SAMAE,,,False,never
385,CAMARA MUNICIPAL DE COCAL DO SUL,,,False,never
386,FUNDACAO MUNICIPAL DO MEIO AMBIENTE DE COCAL DO SUL - FUNDAC,,,False,never
387,AUTARQUIA MUNICIPAL DE DESPORTO DE COCAL DO SUL,,,False,never
388,MUNICIPIO DE TREVISO,2026-07-16T16:13:45+00:00,52.727,False,stale
389,CAMARA DE VEREADORES DE TREVISO,,,False,never
390,SERVICO AUTONOMO MUNICIPAL DE AGUA E ESGOTO DE TREVISO - SAMAE,,,False,never
391,FUNDACAO MUNICIPAL DO MEIO AMBIENTE DE TREVISO,,,False,never
392,SECRETARIA MUNICIPAL DE EDUCACAO DE TREVISO,,,False,never
393,MUNICIPIO DE URUPEMA,2026-07-15T07:36:39+00:00,85.345,False,stale
394,CAMARA DE VEREADORES DE URUPEMA,,,False,never
395,GUARDA MUNICIPAL DE ARAQUARI-SC,,,False,never
396,MUNICIPIO DE ARAQUARI,2026-07-17T15:16:14+00:00,29.685,False,stale
397,ARAQUARI CAMARA DE VEREADORES,2026-07-13T13:09:19+00:00,127.801,False,stale
398,FUNDACAO MUNICIPAL DE CULTURA E ESPORTES,,,False,never
399,INSTITUTO DE PREVIDENCIA SOCIAL DOS SERVIDORES PUBLICOS DO MUNICIPIO DE ARAQUARI,2026-07-14T09:49:07+00:00,107.137,False,stale
400,FUNDACAO MUNICIPAL DE CULTURA DE ARAQUARI,,,False,never
401,FUNDACAO MUNICIPAL DO MEIO AMBIENTE - FUNDEMA,,,False,never
402,CONSELHO MUNICIPAL DE PROTECAO E DEFESA CIVIL - COMPDEC,,,False,never
403,SECRETARIA MUNICIPAL DE EDUCACAO DE ARAQUARI SC - FUNDEB,,,False,never
404,MUNICIPIO DE BOCAINA DO SUL,,,False,never
405,CAMARA MUNICIPAL DE BOCAINA DO SUL/SC,,,False,never
406,SECRETARIA EDUCACAO - BOCAINA DO SUL,,,False,never
407,MUNICIPIO DE SCHROEDER,2026-07-16T15:57:09+00:00,53.003,False,stale
408,SCHROEDER CAMARA DE VEREADORES,2026-07-17T14:59:17+00:00,29.968,False,stale
409,SECRETARIA MUNICIPAL DE EDUCACAO,,,False,never
410,MUNICIPIO DE POUSO REDONDO,2026-07-13T14:07:34+00:00,126.83,False,stale
411,CAMARA DE VEREADORES DE POUSO REDONDO,,,False,never
412,SECRETARIA DE EDUCACAO E CULTURA DE POUSO REDONDO SC,,,False,never
413,MUNICIPIO DE WITMARSUM,2026-07-17T16:36:45+00:00,28.343,False,stale
414,WITMARSUM CAMARA DE VEREADORES,,,False,never
415,FUNDO DE APOSENTADORIA E PENSAO,,,False,never
416,"SECRETARIA DE EDUCACAO, CULTURA E ESPORTE DE WITMARSUM",,,False,never
417,CONSORCIO INTERMUNICIPAL MULTIFINALITARIO DA REGIAO DA AMUNESC,2026-07-16T17:07:32+00:00,51.83,False,stale
418,SECRETARIA DE EDUCACAO,,,False,never
419,JOINVILLE SECRETARIA DA SAUDE,,,False,never
420,FUNDACAO MUNICIPAL DO MEIO AMBIENTE,,,False,never
421,"FUNDACAO DE ESPORTES, LAZER E EVENTOS DE JOINVILLE",,,False,never
422,FUNDACAO INSTITUTO DE PESQUISA E PLANEJAMENTO PARA O DESENVOLVIMENTO SUSTENTAVEL DE JOINVILLE - IPPUJ,,,False,never
423,DEPARTAMENTO DE TRANSITO DE JOINVILLE - DETRANS,,,False,never
424,MUNICIPIO DE JOINVILLE,2026-07-17T14:59:21+00:00,29.967,False,stale
425,JOINVILLE CAMARA DE VEREADORES,2026-07-15T11:23:16+00:00,81.568,False,stale
426,FUNDACAO CULTURAL DE JOINVILLE,,,False,never
427,FUNDACAO MUNICIPAL ALBANO SCHMIDT,,,False,never
428,HOSPITAL MUNICIPAL SAO JOSE,,,False,never
429,FUNDACAO MUNICIPAL DE PROMOCAO DA INDUSTRIA,,,False,never
430,FUNDACAO MUNICIPAL DE DESENVOLVIMENTO RURAL 25 DE JULHO,,,False,never
431,ESCOLA MUNICIPAL JOAO COSTA,,,False,never
432,ESCOLA MUNICIPAL PROFESSOR OSWALDO CABRAL,,,False,never
433,ESCOLA MUNICIPAL VALENTIM JOAO DA ROCHA,,,False,never
434,ESCOLA MUNICIPAL PROFESSORA MARIA REGINA LEAL,,,False,never
435,ESCOLA MUNICIPAL SENADOR CARLOS GOMES DE OLIVEIRA,,,False,never
436,ESCOLA MUNICIPAL DOM JAIME DE BARROS CAMARA,,,False,never
437,ESCOLA MUNICIPAL PROFESSORA ANA MARIA HARGER,,,False,never
438,ESCOLA MUNICIPAL DR ABDON BAPTISTA,,,False,never
439,ESCOLA MUNICIPAL PROFESSORA LAURA ANDRADE,,,False,never
440,ESCOLA MUNICIPAL PROF ADA SANT ANNA DA SILVEIRA,,,False,never
441,ESCOLA MUNICIPAL DR JOSE ANTONIO NAVARRO LINS,,,False,never
442,ESCOLA MUNICIPAL PROFESSOR ORESTES GUIMARAES,,,False,never
443,ESCOLA MUNICIPAL JOAO DE OLIVEIRA,,,False,never
444,ESCOLA MUNICIPAL PADRE VALENTE SIMIONI,,,False,never
445,INST DE PREVID SOCIAL DOS SERV PUBL DO MUNIC DE JLLE,2026-07-15T14:15:37+00:00,78.696,False,stale
446,CONSORCIO PUBLICO INTERFEDERATIVO DE SAUDE DO NORDESTE DE SANTA CATARINA - CISNORDESTE/SC,2026-07-15T09:31:02+00:00,83.439,False,stale
447,FUNDACAO MUNICIPAL DE VIGILANCIA,,,False,never
448,AGENCIA MUNICIPAL DE REGULACAO DOS SERVICOS DE AGUA E ESGOTOS DE JOINVILLE,,,False,never
449,FUNDACAO DE PROMOCAO E PLANEJAMENTO TURISTICO DE JOINVILLE - PROMOTUR,,,False,never
450,GUARDA MUNICIPAL DE JOINVILLE,,,False,never
451,CONSORCIO AZIMUTE/GREIDE,,,False,never
452,COMPANHIA AGUAS DE JOINVILLE,2026-07-16T15:56:59+00:00,53.006,False,stale
453,CAMARA MUNICIPAL DE NOVA VENEZA,,,False,never
454,MUNICIPIO DE NOVA VENEZA,2026-07-17T07:50:34+00:00,37.113,False,stale
455,COMISSAO MUNICIPAL DE DEFESA CIVIL DE NOVA VENEZA,,,False,never
456,FUNDACAO MUNICIPAL DO MEIO AMBIENTE DE NOVA VENEZA,,,False,never
457,SECRETARIA MUNICIPAL DE EDUCACAO DE NOVA VENEZA,,,False,never
458,MUNICIPIO DE VITOR MEIRELES,2026-07-16T16:26:45+00:00,52.51,False,stale
459,VITOR MEIRELES CAMARA DE VEREADORES,,,False,never
460,SECRETARIA MUNICIPAL DE EDUCACAO DE VITOR MEIRELES,,,False,never
462,CAMARA MUNICIPAL DE VEREADORES DE PAINEL,,,False,never
463,SECRETARIA MUNICIPAL DE EDUCACAO E CULTURA DE PAINEL - SC,,,False,never
464,CAMARA MUNICIPAL DE FORQUILHINHA,,,False,never
465,MUNICIPIO DE FORQUILHINHA,2026-07-17T15:50:11+00:00,29.12,False,stale
466,CONSELHO MUNICIPAL DE ENTORPECENTES DE FORQUILHINHA-COMEN,,,False,never
467,SECRETARIA MUNICIPAL DE EDUCACAO DE FORQUILHINHA,,,False,never
468,FUNDACAO MUNICIPAL AMBIENTAL DE FORQUILHINHA,,,False,never
469,MUNICIPIO DE MIRIM DOCE,2026-07-17T08:51:22+00:00,36.1,False,stale
470,MIRIM DOCE CAMARA DE VEREADORES,,,False,never
471,SECRETARIA DA EDUCACAO DE MIRIM DOCE SC,,,False,never
472,MUNICIPIO DE PALMEIRA,,,False,never
473,CAMARA MUNICIPAL DE VEREADORES DE PALMEIRAS / SC,,,False,never
474,SECRETARIA DE EDUCACAO - PALMEIRA,,,False,never
475,MUNICIPIO DE SALETE,,,False,never
476,SALETE CAMARA DE VEREADORES,,,False,never
477,FUNDACAO CULTURAL DE SALETE,,,False,never
478,COMISSAO MUNICIPAL DE DEFESA CIVIL - COMDEC DO MUNICIPIO DE SALETE -SC,,,False,never
479,SECRETARIA DA EDUCACAO DE SALETE SC,,,False,never
480,MUNICIPIO DE SANTA TEREZINHA,2026-07-15T11:46:49+00:00,81.176,False,stale
481,SANTA TEREZINHA CAMARA DE VEREADORES,2026-07-11T20:09:52+00:00,168.791,False,stale
482,SECRETARIA DE EDUCACAO DO MUNICIPIO DE SANTA TEREZINHA,,,False,never
483,SECRETARIA MUNICIPAL DE EDUCACAO,,,False,never
484,MUNICIPIO DE CAMPO ALEGRE,2026-07-17T14:40:14+00:00,30.285,False,stale
485,CAMPO ALEGRE CAMARA DE VEREADORES,,,False,never
486,FUNDO MUNICIPAL DE ASSISTENCIA SOCIAL DO MUNICIPIO DE CAMPO ALEGRE/SC,,,False,never
487,FUNDACAO MUNICIPAL DE DESPORTOS E CULTURA DE CAMPO ALEGRE,,,False,never
488,FUNDO MUNICIPAL DE TURISMO,,,False,never
489,INSTITUTO DE PREVIDENCIA DOS SERVIDORES PUBLICOS DO MUNICIPIO DE CAMPO ALEGRE,,,False,never
490,FUNDO MUNICIPAL DE CULTURA DE CAMPO ALEGRE/SC,,,False,never
491,FUNDO MUNICIPAL DE DEFESA CIVIL - FUNMDEC,,,False,never
492,MUNICIPIO DE RIO DO CAMPO,2026-07-17T08:55:18+00:00,36.034,False,stale
493,INSTITUTO DE PREVIDENCIA DOS SERVIDORES MUNICIPAIS,,,False,never
494,CAMARA MUNICIPAL DE VEREADORES DE RIO DO CAMPO-SC,2026-07-13T10:24:28+00:00,130.548,False,stale
495,COMISSAO MUNICIPAL DE DEFESA CIVIL,,,False,never
496,SECRETARIA DE EDUCACAO DE RIO DO CAMPO SC,,,False,never
497,MELEIRO CAMARA DE VEREADORES,,,False,never
498,MUNICIPIO DE MELEIRO,2026-07-17T17:13:24+00:00,27.733,False,stale
499,SERVICO AUTONOMO MUNICIPAL DE AGUA E ESGOSTO - SAMAE,,,False,never
500,"SECRETARIA DE EDUCACAO, ESPORTE, CULTURA E TURISMO",,,False,never
501,GARUVA CAMARA DE VEREADORES,,,False,never
502,MUNICIPIO DE GARUVA,2026-07-17T13:44:05+00:00,31.221,False,stale
503,GARUVA CAMARA DE VEREADORES,,,False,never
504,CONSORCIO DE INOVACAO NA GESTAO PUBLICA,,,False,never
505,COORDENADORIA MUNICIPAL DE PROTECAO E DEFESA CIVIL DE GARUVA,,,False,never
506,SECRETARIA DA EDUCACAO E CULTURA DO MUNICIPIO DE GARUVA,,,False,never
507,MUNICIPIO DE MORRO GRANDE,2026-07-15T16:46:44+00:00,76.177,False,stale
508,SERVICO AUTONOMO MUNICIPAL DE AGUA E ESGOTO,,,False,never
509,MORRO GRANDE CAMARA,,,False,never
510,FUNDO MUNICIPAL DE ASSISTENCIA SOCIAL,,,False,never
511,SECRETARIA MUNICIPAL DE EDUCACAO DE MORRO GRANDE,,,False,never
512,FUNDACAO MUNICIPAL DE ESPORTES,,,False,never
513,LAGESPREVI - INSTITUTO DE PREVIDENCIA DO MUNICIPIO DE LAGES,,,False,never
514,MUNICIPIO DE LAGES,2026-07-17T16:35:16+00:00,28.368,False,stale
515,CAMARA DE VEREADORES DO MUNICIPIO DE LAGES,2026-07-17T18:03:15+00:00,26.902,False,stale
516,SECRETARIA MUNICIPAL DE AGUAS E SANEAMENTO DE LAGES - SEMASA,2026-07-14T12:09:50+00:00,104.792,False,stale
517,FUNDACAO CULTURAL DE LAGES,,,False,never
518,CONSORCIO PUBLICO INTERFEDERATIVO DE SAUDE DA REGIAO DA AMURES - CISAMURES,2026-07-17T10:26:05+00:00,34.521,False,stale
519,CONSORCIO INTERMUNICIPAL SERRA CATARINENSE,,,False,never
520,SECRETARIA MUNICIPAL DA EDUCACAO,,,False,never
521,SECRETARIA DE EDUCACAO,,,False,never
522,FUNDACAO MUNICIPAL DE CULTURA DE RIO NEGRINHO,,,False,never
523,MUNICIPIO DE RIO NEGRINHO,2026-07-16T11:18:07+00:00,57.654,False,stale
524,RIO NEGRINHO CAMARA DE VEREADORES,2026-07-17T13:17:45+00:00,31.66,False,stale
525,SERVICO AUTONOMO MUNICIPAL DE SANEAMENTO BASICO,2026-07-13T09:26:42+00:00,131.511,False,stale
526,FUNDACAO MUNICIPAL DE ESPORTES DE RIO NEGRINHO,,,False,never
527,INSTITUTO DE PREV.SOCIAL DOS SERV.PUBLICOS MUN.RIO NEGRINHO - IPRERIO,,,False,never
528,FUNDACAO HOSPITALAR MUNICIPAL DE CORREIA PINTO,,,False,never
529,INSTITUTO DE PREVIDENCIA DO MUNICIPIO DE CORREIA PINTO,,,False,never
530,MUNICIPIO DE CORREIA PINTO,,,False,never
531,CAMARA MUNICIPAL DE CORREIA PINTO,,,False,never
532,FUNDACAO MUNICIPAL DE ESPORTES E CULTURA DE CORREIA PINTO,,,False,never
533,SECRETARIA DE EDUCACAO DO MUNICIPIO DE CORREIA PINTO,,,False,never
534,MUNICIPIO DE PONTE ALTA,2026-07-16T08:57:33+00:00,59.997,False,stale
535,CAMARA DE VEREADORES DE PONTE ALTA/SC,,,False,never
536,FUNDO MUNICIPAL DA EDUCACAO DE PONTE ALTA SC,,,False,never
537,TURVO CAMARA DE VEREADORES,,,False,never
538,MUNICIPIO DE TURVO,2026-07-17T17:30:59+00:00,27.44,False,stale
539,CONSORCIO INTERMUNICIPAL DE ASSISTENCIA SOCIAL E SAUDE,,,False,never
540,SECRETARIA DE EDUCACAO DE TURVO SC,,,False,never
541,CONSORCIO INTERMUNICIPAL DE INFRAESTRUTURA RODOVIARIA DA AMESC - CINFRA,,,False,never
542,CONSELHO DA COMUNIDADE DA COMARCA DE TURVO,,,False,never
543,MUNICIPIO DE ERMO,,,False,never
544,CAMARA MUNICIPAL DE ERMO,,,False,never
545,SECRETARIA DE EDUCACAO DE ERMO SC,,,False,never
546,MUNICIPIO DE PONTE ALTA DO NORTE,2026-07-16T13:58:19+00:00,54.984,False,stale
547,CAMARA MUNICIPAL DE PONTE ALTA DO NORTE,,,False,never
548,SECRETARIA MUNICIPAL DE EDUCACAO DE PONTE ALTA DO NORTE,,,False,never
549,MUNICIPIO DE JACINTO MACHADO,2026-07-16T14:53:16+00:00,54.068,False,stale
550,SERVICO AUTONOMO MUNICIPAL DE AGUA E ESGOTO - SAMAE,,,False,never
551,JACINTO MACHADO-CAMARA DE VEREADORES,,,False,never
552,FUNDO DE APOSENTADORIA E PENSOES SERV JACINTO MACHADO,,,False,never
553,SECRETARIA MUNICIPAL DE EDUCACAO DE JACINTO MACHADO-SC.,,,False,never
554,SOMBRIO CAMARA DE VEREADORES,,,False,never
555,FUNDACAO MUNICIPAL DE ESPORTES DE SOMBRIO,,,False,never
556,MUNICIPIO DE SOMBRIO,2026-07-17T16:33:28+00:00,28.398,False,stale
557,SERVICO AUTONOMO MUNICIPAL DE AGUA E ESGOTO (SAMAE),,,False,never
558,"SECRETARIA MUNICIPAL DE EDUCACAO, CULTURA E ESPORTE DE SOMBRIO",,,False,never
559,CONSORCIO INTERMUNICIPAL MULTIFINALITARIO DA GRANDE FLORIANOPOLIS  CIM  GRANFPOLIS,,,False,never
560,FUNDO ESTADUAL DE PROMOCAO SOCIAL E ERRADICACAO DA POBREZA,,,False,never
561,SECRETARIA DE ESTADO DA COMUNICACAO,2026-07-17T15:50:38+00:00,29.112,False,stale
562,GABINETE DO VICE-GOVERNADOR,,,False,never
563,COLEGIADO SUPERIOR DE SEGURANCA PUBLICA E PERICIA OFICIAL,,,False,never
564,SECRETARIA EXECUTIVA DE ARTICULACAO NACIONAL,,,False,never
565,FUNDO ROTATIVO REGIONAL DO MEDIO VALE DO ITAJAI (FR-07),,,False,never
566,FUNDO ROTATIVO REGIONAL DO VALE DO ITAJAI (FR-04),,,False,never
567,"SECRETARIA DE ESTADO DA CIENCIA, TECNOLOGIA E INOVACAO",,,False,never
568,SECRETARIA DE ESTADO DO PLANEJAMENTO,2026-07-13T15:20:30+00:00,125.614,False,stale
569,SECRETARIA DE ESTADO DO TURISMO,2026-07-15T15:50:26+00:00,77.115,False,stale
570,"SECRETARIA DE ESTADO DE PORTOS, AEROPORTOS E FERROVIAS",,,False,never
571,SECRETARIA DE ESTADO DO MEIO AMBIENTE E DA ECONOMIA VERDE,2026-07-14T14:50:30+00:00,102.114,False,stale
572,FUNDO ROTATIVO REGIONAL DO PLANALTO NORTE (FR-08),,,False,never
573,FUNDO ESTADUAL DE SEGURANCA ALIMENTAR E NUTRICIONAL,,,False,never
574,SECRETARIA EXECUTIVA DA AQUICULTURA E PESCA,,,False,never
575,FUNDO ESTADUAL DE TRANSICAO ENERGETICA JUSTA - FETEJ-SC,,,False,never
576,SECRETARIA MUNICIPAL DE EDUCACAO,,,False,never
577,SC FUTURO,,,False,never
578,FUNDO ESTRATEGICO DA ADMINISTRACAO TRIBUTARIA (FEAT),,,False,never
579,FLORIANOPOLIS JUIZADO FORMAL DE PEQUENAS CAUSAS,,,False,never
580,FLORIANOPOLIS FORUM DA UNIVERSIDADE,,,False,never
581,FUNDACAO CATARINENSE DE ESPORTE - FESPORTE,,,False,never
582,VARA DE PRECATORIAS E PRECATORIOS,,,False,never
583,PROCURADORIA-GERAL DO ESTADO,,,False,never
584,MINISTERIO PUBLICO DO ESTADO DE SANTA CATARINA PROCURADORIA GERAL DE JUSTICA,2026-07-17T17:26:14+00:00,27.519,False,stale
585,JUIZO DE DIREITO DA COMARCA DE PICARRAS,,,False,never
586,BAL CAMBORIU CARTORIO CIVEL DA 2 VARA,,,False,never
587,SANTA CATARINA SECRETARIA DO TRABALHO,,,False,never
588,XANXERE CARTORIO DO CIVEL E CRIME,,,False,never
589,FUNDO ROTATIVO REGIONAL SERRANO,,,False,never
590,NADIR CARLOS SANGALLI,,,False,never
591,CARTORIO DA 1 VARA CIVEL,,,False,never
592,BARRA VELHA CARTORIO DO CIVEL CRIME E ANEXO,,,False,never
593,COLEGIO ESTADUAL WANDERLEY JUNIOR,,,False,never
594,FUNDACAO MUNICIPAL DE ESPORTES,,,False,never
595,FUNDACAO CULTURAL DE FLORIANOPOLIS FRANKLIN CASCAES,,,False,never
596,SANTA CATARINA SECRETARIA ESPECIAL EM BRASILIA,,,False,never
597,SECRETARIA DE ESTADO DE GOVERNO,,,False,never
598,SC SECRETARIA DO DES URBANO E DO MEIO AMBIENTE,,,False,never
599,SECRETARIA DE ESTADO DO PLANEJAMENTO,,,False,never
600,FUNDO ESTADUAL DE SAUDE,2026-07-17T15:50:29+00:00,29.115,False,stale
601,SECRETARIA MUNICIPAL DE PLANEJAMENTO,,,False,never
602,SANTA CATARINA GOVERNO DO ESTADO,,,False,never
603,AUTARQUIA DE MELHORAMENTOS DA CAPITAL - COMCAP,,,False,never
604,SANTA CATARINA CONSELHO ESTADUAL DE EDUCACAO,,,False,never
605,FUNDO ESPECIAL DE PROTECAO AO MEIO AMBIENTE,,,False,never
606,MUNICIPIO DE FLORIANOPOLIS,2026-07-17T17:23:53+00:00,27.558,False,stale
607,CONSELHO REGIONAL DE DESPORTOS DE SANTA CATARINA,,,False,never
608,ESTADO DE SANTA CATARINA,,,False,never
609,SANTA CATARINA SECRETARIA DO GOVERNO,,,False,never
610,SECRETARIA DE ESTADO DA SAUDE,,,False,never
611,SANTA CATARINA SECRETARIA DO OESTE,,,False,never
612,SANTA CATARINA SECRETARIA DO DESENVOLVIMENTO ECONOMICO,,,False,never
613,SANTA CATARINA SECRETARIA DOS SERVICOS PUBLICOS,,,False,never
614,SECRETARIA DE ESTADO DA SEGURANCA PUBLICA,,,False,never
615,SANTA CATARINA SECRETARIA DE ESTADO JUSTICA E CIDADANIA,,,False,never
616,SECRETARIA DE ESTADO DA FAZENDA,,,False,never
617,SECRETARIA DE ESTADO DA EDUCACAO,2026-07-16T12:50:55+00:00,56.107,False,stale
618,SECRETARIA DE ESTADO DA AGRICULTURA E PECUARIA,,,False,never
619,SECRETARIA DE ESTADO DE INFRAESTRUTURA E MOBILIDADE (SIE),2026-07-14T16:50:32+00:00,100.114,False,stale
620,SECRETARIA DE ESTADO DA ADMINISTRACAO,2026-07-16T17:41:00+00:00,51.273,False,stale
621,FLORIANOPOLIS SECRETARIA MUNICIPAL DOS TRANS E OBRAS,,,False,never
622,FLORIANOPOLIS SECRETARIA MUNICIPAL ASSUNTOS NO ESTREITO,,,False,never
623,FLORIANOPOLIS SECRETARIA MUNICIPAL DE FINANCAS,,,False,never
624,FLORIANOPOLIS SECRETARIA EDUCACAO SAUDE ASSIT SOCIAL,,,False,never
625,ADMINISTRACAO DO PORTO DE SAO FRANCISCO DO SUL,,,False,never
626,SC - SECR DE ESTADO DO DESENV SOCIAL E DA FAMILIA,,,False,never
627,INSTITUTO DO MEIO AMBIENTE DO ESTADO DE SANTA CATARINA,2026-07-14T16:40:26+00:00,100.282,False,stale
628,TRIBUNAL DE CONTAS DO ESTADO DE SANTA CATARINA,2026-07-16T16:25:47+00:00,52.526,False,stale
629,GABINETE DO VICE GOVERNADOR,,,False,never
630,GOVERNO DO ESTADO SECRETARIA EXTRAORDINARIA PARA O DESENVOLVIMENTO DO OESTE,,,False,never
631,PENITENCIARIA AGRICOLA DE CHAPECO,,,False,never
632,INSTITUTO DE PLANEJAMENTO URBANO DE FLORIANOPOLIS,,,False,never
633,LAGES PRIMEIRA ESCRIVANIA,,,False,never
634,"CARTORIO JUDICIAL DA COMARCA DE PINHALZINHO (VARA UNICA - CIVEL, CRIME, FAZENDA PUBLICA, FAMILIA E ANEXOS)",,,False,never
635,JUNTA COMERCIAL DO ESTADO DE SANTA CATARINA,,,False,never
636,ASSEMBLEIA LEGISLATIVA DO ESTADO DE SANTA CATARINA,2026-07-16T15:51:53+00:00,53.091,False,stale
637,MINISTERIO PUBLICO DE CONTAS DO ESTADO DE SANTA CATARINA,,,False,never
638,LAGES TERCEIRA ESCRIVANIA CIVEL,,,False,never
639,SEGUNDA ESCRIVANIA DO CIVEL E ANEXOS,,,False,never
640,MAFRA ESCRIVANIA DO CIVEL E COMERCIO,,,False,never
641,JOINVILLE ESCRIVANIA DA 2 VARA CIVEL,,,False,never
642,TAIO ESCRIVA DO CIVEL COMERCIO E ORFAOS,,,False,never
643,TAIO ESCRIVAO DO CRIME,,,False,never
644,MAFRA ESCRIVAO DO CRIME E FEITOS DA FAZENDA,,,False,never
645,SAO BENTO DO SUL CIVEL ORFAOS E ANEXOS,,,False,never
646,SANTA CECILIA ESCRIVAO DO CIVEL ORFAOS E ANEXOS,,,False,never
647,LAGES SEGUNDA ESCRIVANIA,,,False,never
648,SEARA CARTORIO DO CRIME E CIVEL,,,False,never
649,ESTADO DE SANTA CATARINA SECRETARIA DA IND E DO COMERCI,,,False,never
650,SANTA CATARINA SECRETARIA DE DESENVOLVIMENTO SOCIAL,,,False,never
651,FUNDACAO CATARINENSE DE CULTURA,,,False,never
652,SC SECRETARIA DE ESTADO DA CULTURA E DO ESPORTE,,,False,never
653,SAO FRANCISCO DO SUL CARTORIO DO 1 OFICIO CIVEL,,,False,never
654,BLUMENAU ESCR DA 3 VARA CIVEL FEITOS FAZ E ACID DO TRAB,,,False,never
655,BLUMENAU ESCRIVANIA DA 4 VARA CIVEL E MENORES,,,False,never
656,FLORIANOPOLIS CAMARA DE VEREADORES,,,False,never
657,SANTA CATARINA TRIBUNAL DE JUSTICA,2026-07-11T17:58:53+00:00,170.975,False,stale
658,DEPARTAMENTO DE ESTRADAS DE RODAGEM,,,False,never
659,INSTITUTO DE PREVIDENCIA DO ESTADO DE SANTA CATARINA,2026-07-13T17:21:00+00:00,123.606,False,stale
660,FUNDO ROTATIVO REGIONAL DA GRANDE FLORIANOPOLIS,,,False,never
661,FUNDACAO UNIVERSIDADE DO ESTADO DE SC UDESC,2026-07-17T14:50:30+00:00,30.114,False,stale
662,INSTITUTO DE REFORMA AGRARIA DE SANTA CATARINA,,,False,never
663,FUNDACAO CATARINENSE DE EDUCACAO ESPECIAL,2026-07-16T14:20:59+00:00,54.606,False,stale
664,CONSELHO DE DESENVOLVIMENTO E INTEGRACAO SUL CODESUL,,,False,never
665,POLICIA MILITAR DO ESTADO DE SANTA CATARINA,,,False,never
666,IMPRENSA OFICIAL DO ESTADO DE SANTA CATARINA,,,False,never
667,FUNDO PARA MELHORIA DA SEGURANCA PUBLICA,,,False,never
668,FUNDO ESTADUAL DE TRANSPORTE,,,False,never
669,FUNDO ESPECIAL DE ESTUDOS JURIDICO E DE REAPARELHAMENTO,,,False,never
670,SANTA CATARINA DEP DE EDIFICACOES E OBRAS HIDRAULICAS,,,False,never
671,SANTA CATARINA SECRET DE EST DO DES URB E MEIO AMBIENTE,,,False,never
672,JUIZADO ESPECIAL DE CAUSAS CIVEIS,,,False,never
673,CARTORIO DA VARA CRIMINAL DA COMARCA DE BALN CAMBORIU,,,False,never
674,FLORIANOPOLIS QUARTA VARA CRIMINAL,,,False,never
675,FUNDO ROTATIVO REGIONAL OESTE (FR-06),,,False,never
676,RIO DO SUL ESCRIVANIA DA PRIMEIRA VARA,,,False,never
677,RIO DO SUL ESCRIVANIA DA SEGUNDA VARA,,,False,never
678,FUNDACAO MUNICIPAL DO MEIO AMBIENTE DE FLORIANOPOLIS,,,False,never
679,FUNDO ESTADUAL DE HABITACAO POPULAR,,,False,never
680,FUNDO ESTADUAL DE ASSISTENCIA SOCIAL,,,False,never
681,JOINVILLE ESCRIVANIA DA 1 VARA CIVEL,,,False,never
682,JOINVILLE ESCRIVANIA DA 2 VARA CIVEL,,,False,never
683,JOINVILLE ESCRIVANIA DA 3 VARA CIVEL,,,False,never
684,JOINVILLE ESCRIVANIA DA 4 VARA CIVEL,,,False,never
685,"JOINVILLE ESCRIVANIA DA VARA DA FAMILIA, ORFAOS E SUCESSOES",,,False,never
686,JOINVILLE ESCRIVANIA DA 1 VARA CRIMINAL,,,False,never
687,JOINVILLE ESCRIVANIA DA 2 VARA CRIMINAL,,,False,never
688,QUINTA VARA CIVIL DA COMARCA DA CAPITAL,,,False,never
689,UNIDADE JURISDICIONAL DE EXCECAO - FORO DA UNISUL,,,False,never
690,JUIZO DE DIREITO DA 6 VARA CIVIL DA COMARCA DA CAPITAL,,,False,never
691,CARTORIO DA 2 VARA DA FAMILIA ORFAOS E SUCESSOES,,,False,never
692,1 VARA CIVEL DO FORO DISTRITAL DO CONTINENTE,,,False,never
693,TRIBUNAL DE JUSTICA,,,False,never
694,TRIBUNAL DE JUSTICA,,,False,never
695,FUNDO PENITENCIARIO DO ESTADO DE SANTA CATARINA FUPESC,2026-07-17T13:50:33+00:00,31.113,False,stale
696,FUNDACAO DE AMPARO A PESQUISA E INOVACAO DO ESTADO DE SANTA CATARINA,,,False,never
697,FUNDO DE APONSENTADORIA - PENSAO E ASSISTENCIA,,,False,never
698,"VARA DE FAMILIA,INFANCIA E JUVENTUDE DA COMARCA DE CHAPECO",,,False,never
699,JUIZO DE DIREITO DA 2 VARA DA COMARCA DE MAFRA/SC,,,False,never
700,JUIZO DE DIREITO DA 1 VARA CA COMARCA DE MAFRA/SC,,,False,never
701,CARTORIO DA COMARCA DE OTACILIO COSTA/SC,,,False,never
702,FUNDO MUNICIPAL DE SAUDE - FMS,,,False,never
703,COMISSAO ORGANIZADORA DO V ENCONTRO NACIONAL DAS CEJAS E CEJAIS (V ENCCEJAS),,,False,never
704,FUNDO ROTATIVO DO CENTRO EDUCACIONAL SAO LUCAS,,,False,never
705,FUNDO ROTATIVO DO CENTRO EDUCACIONAL REGIONAL DE LAGES,,,False,never
706,FUNDO ROTATIVO DO CENTRO EDUCACIONAL REGIONAL DE CHAPECO,,,False,never
707,"CARTORIO VARA DA FAMILIA, ORFAOS, INFANCIA E JUVENTUDE",,,False,never
708,"VARA FAZENDA PUPLICA, EXECUTIVOS FISCAIS, ACIDENTES DO TRABALHO E REGISTRO PUBLICO",,,False,never
709,JUIZADO ESPECIAL CIVEL DA COMARCA DE TUBARAO,,,False,never
710,"CARTORIO DA VARA DA FAZENDA PUBLICA, EXECUTIVOS FISCAIS ACID",,,False,never
711,VARA CRIMINAL E DA INFANCIA E JUVENTUDE,,,False,never
712,CARTORIO JUDICIAL DA COMARCA DE PORTO BELO,,,False,never
713,JOINVILLE ESCRIVANIA DA VARA DA INFANCIA E JUVENTUDE,,,False,never
714,"JOINVILLE ESCRIVANIA DA VARA DA FAZENDA PUBLICA, EXECUTIVOS FISCAIS, ACIDENTES DO TRABALHO E REGISTROS PUBLICOS",,,False,never
715,JOINVILLE ESCRIVANIA DO JUIZADO ESPECIAL CIVEL,,,False,never
716,PREFEITURA MUNICIPAL DE NOVA TRENTO,,,False,never
717,"CARTORIO DA VARA DA FAMILIA, ORFAOS, INFANCIA E JUVENTUDE",,,False,never
718,DEPARTAMENTO DE TRANSPORTES E TERMINAIS - DETER,,,False,never
719,FUNDO PARA INFANCIA E ADOLESCENCIA,,,False,never
720,FUNDO ESTADUAL DE PROTECAO E DEFESA CIVIL FUNPDEC,,,False,never
721,FUNDO ESTADUAL PARA O DESENVOLVIMENTO DO DESPORTO DO ESTADO DE SANTA CATARINA,,,False,never
722,"VARA DA FAZENDA PUBLICA, EXECUCOES FISCAIS, ACIDENTES DO TRABALHO E REGISTROS PUBLICOS",,,False,never
723,"VARA DA FAMILIA, ORFAOS E SUCESSOES, INFANCIA E JUVENTUDE",,,False,never
724,CARTORIO DA SEGUNDA VARA CIVEL,,,False,never
725,CARTORIO DO CRIME CIVIL E ANEXOS DE ANITA GARIBALDI,,,False,never
726,CARTORIO JUDICIAL DA COMARCA DE CAPIVARI DE BAIXO,,,False,never
727,CARTORIO DA VARA UNICA DA COMARCA DE CAMBORIU,,,False,never
728,JUIZADO ESPECIAL DE CAUSAS CIVEIS,,,False,never
729,CARTORIO JUDICIAL DA COMARCA DE ITAPEMA - SC,,,False,never
730,CARTORIO JUDICIAL DA VARA UNICA DA COMARCA DE CATANDUVAS SC,,,False,never
731,CARTORIO JUDICIAL DA COMARCA DE DESCANSO - SC,,,False,never
732,CARTORIO DO JUIZADO ESPECIAL CIVEL DA COMARCA DE BALNEARIO CAMBORIU - SC,,,False,never
733,RIO DO SUL ESCRIVANIA JUDICIAL DA VARA CRIMINAL E DA INFANCIA E JUVENTUDE,,,False,never
734,CARTORIO JUDICIAL DA VARA UNICA DA COMARCA DE RIO DO OESTE,,,False,never
735,CARTORIO DA 2A. VARA CIVEL - COMARCA DE JARAGUA DO SUL,,,False,never
736,CARTORIO DA 1A. VARA CIVEL - COMARCA DE JARAGUA DO SUL,,,False,never
737,"SECRETARIA DE ESTADO DA ASSISTENCIA SOCIAL, MULHER E FAMILIA",,,False,never
738,DEPARTAMENTO ESTADUAL DE INFRA-ESTRUTURA - DEINFRA,,,False,never
739,"SECRETARIA DE ESTADO DE TURISMO, CULTURA E ESPORTE",,,False,never
740,AGENCIA DE DESENVOLVIMENTO REGIONAL - CHAPECO,,,False,never
741,AGENCIA DE DESENVOLVIMENTO REGIONAL - SAO MIGUEL DO OESTE,,,False,never
742,AGENCIA DE DESENVOLVIMENTO REGIONAL - LAGES,,,False,never
743,AGENCIA DE DESENVOLVIMENTO REGIONAL - CONCORDIA,,,False,never
744,AGENCIA DE DESENVOLVIMENTO REGIONAL - MARAVILHA,,,False,never
745,SECRETARIO DO JUIZADO ESPECIAL DA COMARCA DE JARAGUA DO SUL,,,False,never
746,AGENCIA DE DESENVOLVIMENTO REGIONAL - PALMITOS,,,False,never
747,AGENCIA DE DESENVOLVIMENTO REGIONAL - SAO LOURENCO DO OESTE,,,False,never
748,AGENCIA DE DESENVOLVIMENTO REGIONAL - JOACABA,,,False,never
749,SECRETARIA DE ESTADO DO DESENVOLVIMENTO REGIONAL DA GRANDE FLORIANOPOLIS,,,False,never
750,V AGENCIA DE DESENVOLVIMENTO REGIONAL - XANXERE,,,False,never
751,27 AGENCIA DE DESENVOLVIMENTO REGIONAL DE SAO JOAQUIM,,,False,never
752,AGENCIA DE DESENVOLVIMENTO REGIONAL DE CAMPOS NOVOS,,,False,never
753,AGENCIA DE DESENVOLVIMENTO REGIONAL DE CACADOR,,,False,never
754,AGENCIA DE DESENVOLVIMENTO REGIONAL - CURITIBANOS,,,False,never
755,AGENCIA DE DESENVOLVIMENTO REGIONAL DE ITAJAI,,,False,never
756,18- AGENCIA DE DESENVOLVIMENTO REGIONAL - LAGUNA,,,False,never
757,19 - AGENCIA DE DESENVOLVIMENTO REGIONAL - TUBARAO,,,False,never
758,AGENCIA DE DESENVOLVIMENTO REGIONAL - MAFRA,,,False,never
759,13 AGENCIA DE DESENVOLVIMENTO REGIONAL DE ITUPORANGA,,,False,never
760,AGENCIA DE DESENVOLVIMENTO REGIONAL - JOINVILLE,,,False,never
761,AGENCIA DE DESENVOLVIMENTO REGIONAL DE BLUMENAU,,,False,never
762,AGENCIA DE DESENVOLVIMENTO REGIONAL DE RIO DO SUL,,,False,never
763,21 AGENCIA DO DESENVOLVIMENTO REGIONAL DE ARARANGUA,,,False,never
764,AGENCIA DE DESENVOLVIMENTO REGIONAL DE VIDEIRA,,,False,never
765,14 AGENCIA DE DESENVOLVIMENTO REGIONAL DE IBIRAMA,,,False,never
766,AGENCIA DE DESENVOLVIMENTO REGIONAL DE JARAGUA DO SUL,,,False,never
767,AGENCIA DE DESENVOLVIMENTO REGIONAL DE BRUSQUE,,,False,never
768,AGENCIA DE DESENVOLVIMENTO REGIONAL - CRICIUMA,,,False,never
769,AGENCIA DE DESENVOLVIMENTO REGIONAL DE CANOINHAS,,,False,never
770,FUNDO ROTATIVO DA PENITENCIARIA DE SAO PEDRO DE ALCANTARA,,,False,never
771,CARTORIO DA VARA DA INFANCIA E JUVENTUDE,,,False,never
772,CARTORIO VARA UNICA DA COMARCA DE HERVAL D OESTE,,,False,never
773,INSTITUTO DE GERACAO DE OPORTUNIDADES DE FLORIANOPOLIS,,,False,never
774,CORPO DE BOMBEIROS MILITAR DO ESTADO DE SANTA CATARINA,,,False,never
775,SECRETARIA MUN. DE DEFESA DO CIDADAO,,,False,never
776,FUNDO DE MELHORIA DA POLICIA CIVIL - FUMPC,,,False,never
777,"SECRETARIA DE ESTADO DE INDUSTRIA, COMERCIO E SERVICOS",,,False,never
778,AGENCIA DE DESENVOLVIMENTO REGIONAL - DIONISIO CERQUEIRA,,,False,never
779,AGENCIA REGULADORA DE SERVICOS PUBLICOS DE SANTA CATARINA - AGESC,,,False,never
780,INSTITUTO DE METROLOGIA DE SANTA CATARINA,,,False,never
781,FUNDO DO PLANO DE SAUDE DOS SERVIDORES PUBLICOS ESTADUAIS DE SANTA CATARINA,,,False,never
782,FUNDO ESTADUAL DE INCENTIVO A CULTURA,,,False,never
783,FUNDO ESTADUAL DE INCENTIVO AO TURISMO,,,False,never
784,FUNDO ESTADUAL DE INCENTIVO AO ESPORTE,,,False,never
785,FUNDO ROTATIVO REGIONAL NORTE (FR-03),,,False,never
786,CARTORIO JUDICIAL DA COMARCA DE RIO NEGRINHO,,,False,never
787,JOINVILLE CARTORIO DA SEGUNDA VARA DA FAZENDA PUBLICA,,,False,never
788,AGENCIA DE DESENVOLVIMENTO REGIONAL - QUILOMBO,,,False,never
789,AGENCIA DE DESENVOLVIMENTO REGIONAL - ITAPIRANGA,,,False,never
790,AGENCIA DE DESENVOLVIMENTO REGIONAL DE TAIO,,,False,never
791,AGENCIA DE DESENVOLVIMENTO REGIONAL - BRACO DO NORTE,,,False,never
792,AGENCIA DE DESENVOLVIMENTO REGIONAL DE TIMBO,,,False,never
793,AGENCIA DE DESENVOLVIMENTO REGIONAL - SEARA,,,False,never
794,SECRETARIA EXECUTIVA DE ASSUNTOS INTERNACIONAIS,,,False,never
795,SECRETARIA EXECUTIVA DE ARTICULACAO NACIONAL,,,False,never
796,FUNDO ESTADUAL DE APOIO A MANUTENCAO E AO DESENVOLVIMENTO DA EDUCACAO SUPERIOR CATARINENSE,,,False,never
797,FUNDO ESPECIAL DA DEFENSORIA DATIVA,,,False,never
798,CONTROLADORIA GERAL DE CONTROLE INTERNO,,,False,never
799,NUCLEO DE EDUCACAO PROFISSIONAL ELLA DORIGATTI,,,False,never
800,FUNDO ESTADUAL DE SANIDADE ANIMAL,,,False,never
801,FUNDO ESTADUAL DE RECURSOS HIDRICOS - FEHIDRO,,,False,never
802,FUNDACAO ESCOLA DE GOVERNO - ENA,2026-07-14T18:30:26+00:00,98.449,False,stale
803,FUNDO CATARINENSE DE MUDANCAS CLIMATICAS - FMUC,,,False,never
804,AGENCIA REGULADORA DE SERVICOS DE SANEAMENTO BASICO DO ESTADO DE SANTA CATARINA - AGESAN,,,False,never
805,CONSORCIO INTERMUNICIPAL PARA O PROJETO TURISTICO SERRAMAR,,,False,never
806,CONSELHO DA COMUNIDADE DE BRUSQUE-COMUNBRUSQUE,,,False,never
807,FUNDO DE REAPARELHAMENTO DA JUSTICA - FRJ,,,False,never
808,FUNDO ROTATIVO REGIONAL SUL (FR-02),,,False,never
809,FUNDO DE HABITACAO POPULAR DO ESTADO DE SANTA CATARINA,,,False,never
810,FUNDO DE TERRAS DO ESTADO DE SANTA CATARINA,,,False,never
811,FUNDO ESTADUAL DE DESENVOLVIMENTO RURAL - FDR,,,False,never
812,SECRETARIA DE ESTADO DE JUSTICA E REINTEGRACAO SOCIAL (SEJURI),,,False,never
813,SECRETARIA DE ESTADO DA PROTECAO E DEFESA CIVIL (SDC),,,False,never
814,FUNDO DE MELHORIA DA POLICIA MILITAR,,,False,never
815,FUNDO PRO-EMPREGO,,,False,never
816,FUNDO DE APOIO AO DESENVOLVIMENTO EMPRESARIAL DE SANTA CATARINA,,,False,never
817,FUNDO ESTADUAL DE COMBATE E ERRADICACAO DA POBREZA,,,False,never
818,FUNDO DE ESFORCO FISCAL,,,False,never
819,FUNDO DE DESENVOLVIMENTO SOCIAL,,,False,never
820,FUNDO DE MELHORIA DO CORPO DE BOMBEIROS MILITAR,,,False,never
821,CONSORCIO PUBLICO DE SANEAMENTO BASICO DO SUL DE SANTA CATARINA,,,False,never
822,"FUNDO DE MATERIAIS, PUBLICACOES E IMPRESSOS OFICIAIS SC",,,False,never
823,FUNDO PATRIMONIAL,,,False,never
824,POLICIA CIVIL DO ESTADO DE SANTA CATARINA (PCSC),2026-07-17T15:30:29+00:00,29.448,False,stale
825,SECRETARIA DE ESTADO DA CASA CIVIL,,,False,never
826,SANTA CATARINA DEFENSORIA PUBLICA,2026-07-15T16:30:29+00:00,76.448,False,stale
827,ASSOCIACAO CULTURAL RECREATIVA E ESPORTIVA DOS SERVIDORES DA FESPORTE E COLABORADORES DO SISTEMA ESPORTIVO CATARINENSE,,,False,never
828,FUNDO ESTADUAL DE APOIO AOS MUNICIPIOS (FUNDAM),,,False,never
829,INSTITUTO DE PREVIDENCIA SOCIAL DOS SERVIDORES PUBLICOS DO MUNICIPIO DE FLORIANOPOLIS,,,False,never
830,FUNDO ESTADUAL DE EDUCACAO - FEDUC,,,False,never
831,SUPERINTENDENCIA DE DESENVOLVIMENTO DAS REGIOES METROPOLITANAS DE SANTA CATARINA,,,False,never
832,FUNDO CATARINENSE PARA O DESENVOLVIMENTO DA SAUDE,,,False,never
833,AGENCIA DE REGULACAO DE SERVICOS PUBLICOS DE SANTA CATARINA,2026-07-13T18:40:50+00:00,122.275,False,stale
834,FUNDO ESPECIAL DO CENTRO DE ESTUDO E APERFEICOAMENTO FUNCIONAL DO MINISTERIO PUBLICO DE SANTA CATARINA,,,False,never
835,FUNDO ESPECIAL DE MODERNIZACAO E REAPARELHAMENTO DO MINISTERIO PUBLICO,,,False,never
836,FUNDO PARA RECONSTITUICAO DOS BENS LESADOS,,,False,never
837,SC SEGURO,,,False,never
838,FUNDO ESTADUAL DE APOIO AOS HOSPITAIS FILANTROPICOS DE SANTA CATARINA,,,False,never
839,FUNDO DE ACESSO A JUSTICA,,,False,never
840,FUNDO ESTADUAL DO IDOSO,,,False,never
841,CONTROLADORIA-GERAL DO ESTADO,,,False,never
842,AGENCIA DE DESENVOLVIMENTO DO TURISMO DO ESTADO DE SANTA CATARINA - SANTUR,,,False,never
843,DEPARTAMENTO ESTADUAL DE TRANSITO,,,False,never
844,FUNDO ESTADUAL DE SEGURANCA PUBLICA,,,False,never
845,FUNDO DE MELHORIA DA PERICIA OFICIAL - FUMPOF,2026-07-17T13:30:30+00:00,31.448,False,stale
846,POLICIA CIENTIFICA DO ESTADO DE SANTA CATARINA,,,False,never
847,FUNDO DE APARELHAMENTO DA DEFENSORIA PUBLICA DO ESTADO DE SANTA CATARINA FADEP-SC,,,False,never
848,FUNDO ESTADUAL DO TRABALHO - FET-SC,,,False,never
849,FUNDACAO REDE SOLIDARIA SOMAR FLORIPA,,,False,never
850,PROGRESSO E HABITACAO DE SAO CARLOS S.A. - PROHAB/SAO CARLOS,,,False,never
851,COMPANHIA DE DESENVOLVIMENTO DE PORTO UNIAO -CDPU,,,False,never
852,EMPRESA CATARINENSE DE TRANSPORTES E TERMINAIS SA,,,False,never
853,COMPANHIA DE HABITACAO DE JARAGUA DO SUL,,,False,never
854,COMPANHIA CATARINENSE DE AGUAS E SANEAMENTO CASAN,2026-07-16T18:33:12+00:00,50.403,False,stale
855,BESC S/A CORRETORA DE SEGUROS E ADMINISTRADORA DE BENS,,,False,never
856,CIA DE DESENVOLVIMENTO E URBANIZACAO DE ITAJAI,,,False,never
857,CIA DE URBANIZACAO E DESENVOLVIMENTO DE CRICIUMA,,,False,never
858,AGENCIA DE FOMENTO DO ESTADO DE SANTA CATARINA S.A. - BADESC,,,False,never
859,COMPANHIA CATARINENSE DE ARMAZENAMENTO COCAR,,,False,never
860,COMPANHIA DE DISTRITOS INDUSTRIAIS DE SANTA CATARINA - CODISC -,,,False,never
861,CENTRO DE INFORMATICA E AUTOMACAO DO ESTADO DE SC S/A,2026-07-15T17:10:28+00:00,75.781,False,stale
862,EMPRESA DE PESQUISA AGROPECUARIA E EXTENSAO RURAL DE SANTA CATARINA,2026-07-16T18:32:43+00:00,50.411,False,stale
863,COMPANHIA DE DESENVOLVIMENTO DO ESTADO DE SANTA CATARIN,,,False,never
864,CENTRAIS DE ABASTECIMENTO DO ESTADO STA CATARINA SA,,,False,never
865,COMPANHIA DE URBANIZACAO E DESENVOLVIMENTO DE TUBARAO - EM LIQUIDACAO,,,False,never
866,SANTUR - SANTA CATARINA TURISMO S/A - EM LIQUIDACAO,,,False,never
867,COMPANHIA DE DESENVOLVIMENTO ECONOMICO E PLANEJAMENTO URBANO DE CRICIUMA-CODEPLA,,,False,never
868,COMPANHIA HIDROMINERAL DO OESTE CATARINENSE-HIDROESTE,,,False,never
869,BESC SA CREDITO IMOBILIARIO,,,False,never
870,COMPANHIA INTEGRADA DE DESENVOLVIMENTO AGRICOLA DE SC,,,False,never
871,EMPRESA DE DESENVOLVIMENTO DE XANXERE S/A,,,False,never
872,BANCO DO ESTADO DE SANTA CATARINA SA,,,False,never
873,CENTRAIS ELETRICAS DE SANTA CATARINA SA,2026-07-17T18:31:54+00:00,26.424,False,stale
874,BESC FINANCEIRA SA CREDITO FINANC E INVESTIMENTOS,,,False,never
875,COMPANHIA DE HABITACAO DO ESTADO DE SANTA CATARINA - COHAB/SC -  EM LIQUIDACAO,,,False,never
876,ELETRIFICACAO RURAL DE SANTA CATARINA S A,,,False,never
877,CAIXA ECONOMICA DO ESTADO DE SANTA CATARINA S A,,,False,never
878,COMPANHIA DE GAS DE SANTA CATARINA,2026-07-16T18:32:49+00:00,50.409,False,stale
879,BESC S/A ARRENDAMENTO MERCANTIL,,,False,never
880,CODEJAS - COMPANHIA DE DESENVOLVIMENTO DE JARAGUA DO SUL S.A,,,False,never
881,SANTA CATARINA PARTICIPACAO E INVESTIMENTOS SA INVESC,,,False,never
882,COMPANHIA URBANIZADORA DE ICARA - URBI,,,False,never
883,INVEST SANTA CATARINA PARCERIAS E NEGOCIOS ESTRATEGICOS S.A.,,,False,never
884,CELESC DISTRIBUICAO S.A,,,False,never
885,CELESC GERACAO S.A,,,False,never
886,SC PARCERIAS - AMBIENTAL S.A.,,,False,never
887,COMPANHIA CATARINENSE DE SAUDE - CCS,,,False,never
888,SCPAR PORTO DE SAO FRANCISCO DO SUL S.A.,2026-07-14T18:31:39+00:00,98.428,False,stale
889,BANCO DO BRASIL SA,,,False,never
890,FUNDACAO NACIONAL DOS POVOS INDIGENAS - FUNAI,2026-07-17T17:37:28+00:00,27.331,False,stale
891,ELETROSUL CENTRAIS ELETRICAS S/A,,,False,never
892,IAZPE-IMBITUBA ADM DA ZONA DE PROCES DE EXPORTACAO SA,,,False,never
893,ESCOLA AGROTECNICA FEDERAL DE RIO DO SUL,,,False,never
894,TELECOMUNICACOES BRASILEIRAS SA TELEBRAS,,,False,never
895,EMPRESA BRASILEIRA DE PESQUISA AGROPECUARIA,,,False,never
896,EMPRESA BRASILEIRA DE INFRAESTRUTURA AEROPORTUARIA - INFRAERO,,,False,never
897,CAIXA ECONOMICA FEDERAL,,,False,never
898,INSTITUTO NACIONAL DE COLONIZACAO E REFORMA AGRARIA,,,False,never
899,DEPARTAMENTO NACIONAL DE PRODUCAO MINERAL,,,False,never
900,COMANDO DA AERONAUTICA,,,False,never
901,MINISTERIO DAS COMUNICACOES,,,False,never
902,MINISTERIO DA EDUCACAO,,,False,never
903,COMANDO DO EXERCITO,2026-07-16T10:47:54+00:00,58.158,False,stale
904,MINISTERIO DA FAZENDA,,,False,never
905,"MINISTERIO DO DESENVOLVIMENTO, INDUSTRIA, COMERCIO E SERVICOS",,,False,never
906,MINISTERIO DA JUSTICA E SEGURANCA PUBLICA,2026-07-14T17:12:57+00:00,99.74,False,stale
907,COMANDO DA MARINHA,2026-07-16T11:57:26+00:00,56.999,False,stale
908,MINISTERIO DA SAUDE,,,False,never
909,MINISTERIO DA AGRICULTURA E PECUARIA,,,False,never
910,TRIBUNAL DE CONTAS DA UNIAO,,,False,never
911,INDUSTRIA DE MATERIAL BELICO DO BRASIL IMBEL,,,False,never
912,EMPRESA BRASILEIRA DE TRANSPORTES URBANOS EM LIQUIDACAO,,,False,never
913,RADIOBRAS EMPRESA BRASILEIRA DE COMUNICACAO S/A,,,False,never
914,MINISTERIO DA GESTAO E DA INOVACAO EM SERVICOS PUBLICOS,2026-07-15T04:00:05+00:00,88.955,False,stale
915,CONSELHO DA JUSTICA FEDERAL,2026-07-15T04:00:10+00:00,88.953,False,stale
916,TRIBUNAL SUPERIOR ELEITORAL,2026-07-14T04:00:07+00:00,112.954,False,stale
917,TRIBUNAL SUPERIOR DO TRABALHO,2026-07-17T16:47:50+00:00,28.159,False,stale
918,EMPRESA BRASILEIRA DE NOTICIAS,,,False,never
919,FUNDACAO HABITACIONAL DO EXERCITO - FHE,,,False,never
920,"INSTITUTO NACIONAL DE METROLOGIA, QUALIDADE E TECNOLOGIA - INMETRO.",,,False,never
921,AGENCIA BRASILEIRA DE INTELIGENCIA-ABIN/GSI/PR,,,False,never
922,CONSELHO MUNICIPAL DE TRABALHO E EMPREGO,,,False,never
923,COMPANHIA NACIONAL DE ABASTECIMENTO CONAB,,,False,never
924,AGENCIA NACIONAL DE TELECOMUNICACOES,,,False,never
925,CONSORCIO INTERMUNICIPAL DE SAUDE DO ALTO VALE DO RIO DO PEIXE - CIS AMARP,,,False,never
926,DELEGACIA DA RECEITA FEDERAL EM BLUMENAU,,,False,never
927,DELEGACIA DA RECEITA FEDERAL EM LAGES,,,False,never
928,TRIBUNAL REGIONAL DO TRABALHO DA 12A REGIAO,,,False,never
929,INSPETORIA DA RECEITA FEDERAL EM FLORIANOPOLIS,,,False,never
930,COMPANHIA DE DESENVOLVIMENTO DE ITAPOA S. A.,,,False,never
931,SERVICO NACIONAL DE APRENDIZAGEM DO COOPERATIVISMO,,,False,never
932,CONSELHO MUNICIPAL DE DESENVOLVIMENTO RURAL DE RODEIO,,,False,never
933,AGENCIA NACIONAL DE VIGILANCIA SANITARIA,,,False,never
934,FUNDACAO ESCOLA AGROTECNICA FEDERAL DE CONCORDIA,,,False,never
935,FUNDACAO BELVEDERE DE PESQUISA E ESTUDOS CIENTIFICOS,,,False,never
936,SERVICO SOCIAL DO COMERCIO - SESC AR/SC,,,False,never
937,SERVICO NACIONAL DE APRENDIZAGEM COMERCIAL - SENAC,,,False,never
938,INSTITUTO BRASILEIRO DO MEIO AMBIENTE E DOS RECURSOS NATURAIS RENOVAVEIS-IBAMA,,,False,never
939,CONSELHO REGIONAL DE EDUCACAO FISICA - CREF3/SC,,,False,never
940,CONSELHO REGIONAL DE ECONOMIA 7 REGIAO/SC,,,False,never
941,SERVICO NACIONAL DE APRENDIZAGEM INDUSTRIAL,,,False,never
942,SERVICO SOCIAL DA INDUSTRIA,,,False,never
943,DME ENERGETICA S.A. - DMEE,,,False,never
944,CONSELHO REGIONAL DE BIOLOGIA 3 REGIAO,,,False,never
945,SERVICO NACIONAL DE APRENDIZAGEM RURAL SENAR AR/SC,,,False,never
946,CONSORCIO INTERMUNICIPAL BACIA HIDROGRAFICA DO RIO CANOINHAS,,,False,never
947,CONSORCIO INTERMUNICIPAL DE PROCESSAMENTO DE LIXO URBANO CIPLU,,,False,never
948,M. V. MEURER ADVOGADOS ASSOCIADOS S/C,,,False,never
949,ALFANDEGA DA RECEITA FEDERAL NO PORTO DE SAO FRANCISCO DO SUL -SC,,,False,never
950,CONSORCIO INTERMUNICIPAL DE PROCESSAMENTO DE LIXO - CIPLI,,,False,never
951,DNIT-DEPARTAMENTO NACIONAL DE INFRAEST DE TRANSPORTES,,,False,never
952,AGENCIA NACIONAL DE TRANSPORTES TERRESTRES - ANTT,,,False,never
953,AGENCIA NACIONAL DE TRANSPORTES AQUAVIARIOS,,,False,never
954,CONSORCIO INTERMUNICIPAL DAS NASCENTES,,,False,never
955,CONSORCIO INTERMUNICIPAL DE DESENVOLVIMENTO SUSTENTAVEL DA REGIAO DO ALTO VALE DO ITAJAI,,,False,never
956,JUSTICA FEDERAL DE PRIMEIRO GRAU EM SANTA CATARINA,,,False,never
957,EMPRESA PUBLICA DE TRANSITO E TRANSPORTE DE CRICIUMA SA - EPTC,,,False,never
958,MINISTERIO DA PESCA E AQUICULTURA,,,False,never
959,PROCURADORIA-GERAL FEDERAL,,,False,never
960,CONSORCIO INTERMUNICIPAL RIO DO PEIXE - CIRP,,,False,never
961,CARTORIO DA VARA UNICA DA COMARCA DE CORREIA PINTO,,,False,never
962,TRIBUNAL REGIONAL ELEITORAL DE SANTA CATARINA,,,False,never
963,CONSORCIO INTERMUNICIPAL DAS AGUAS,,,False,never
964,CONSORCIO INTERMUNICIPAL SALTO PILAO,,,False,never
965,CONSELHO REG DE FISIOTERAPIA E TERAPIA OCUPACIONAL DA 10 REGIAO,,,False,never
966,SERVICO NACIONAL DE APRENDIZAGEM DO COOPERATIVISMO NO ESTADO DE SANTA CATARINA,,,False,never
967,CONSORCIO INTERMUNICIPAL DE DESENVOLVIMENTO,,,False,never
968,1 BATALHAO FERROVIARIO,,,False,never
969,FUNDO DE AMPARO AO TRABALHADOR,,,False,never
970,INSTITUTO CHICO MENDES DE CONSERVACAO DA BIODIVERSIDADE,,,False,never
971,14 REGIMENTO DE CAVALARIA MECANIZADO,,,False,never
972,62 BATALHAO DE INFANTARIA,,,False,never
973,COMANDO 14A BRIGADA DE INFANTARIA MOTORIZADA,,,False,never
974,28 GRUPO DE ARTILHARIA DE CAMPANHA,,,False,never
975,5 BATALHAO DE ENGENHARIA DE COMBATE BLINDADO,,,False,never
976,63 BATALHAO DE INFANTARIA,,,False,never
977,HOSPITAL DE GUARNICAO DE FLORIANOPOLIS,,,False,never
978,14 COMPANHIA DE ENGENHARIA DE COMBATE,,,False,never
979,23 BATALHAO DE INFANTARIA,,,False,never
980,CONSELHO REGIONAL DE NUTRICAO DA DECIMA REGIAO (CRN-10),,,False,never
982,THERMAS CASTELLO S/A,,,False,never
983,INSTITUTO BRASILEIRO DE MUSEUS - IBRAM,,,False,never
984,UNIVERSIDADE FEDERAL DA FRONTEIRA SUL - UFFS,2026-07-17T11:49:19+00:00,33.134,False,stale
985,"INSTITUTO FEDERAL DE EDUCACAO, CIENCIA E TECNOLOGIA DE SANTA CATARINA",2026-07-16T13:35:03+00:00,55.372,False,stale
986,CONSELHO REGIONAL DE BIOMEDICINA - 5A. REGIAO,,,False,never
987,CONSORCIO INTERMUNICIPAL DO EXTREMO SUL CATARINENSE - CONEXSUL,,,False,never
988,COMPANHIA DAS DOCAS DO ESTADO DA BAHIA - CODEBA,,,False,never
989,TRANSMISSORA SUL BRASILEIRA DE ENERGIA S.A.,,,False,never
990,CONSELHO DE ARQUITETURA E URBANISMO DE SANTA CATARINA,2026-07-14T13:37:50+00:00,103.325,False,stale
991,EMPRESA BRASILEIRA DE SERVICOS HOSPITALARES - EBSERH,2026-07-17T04:00:10+00:00,40.953,False,stale
992,TRANSMISSORA SUL LITORANEA DE ENERGIA S.A. - TSLE,,,False,never
993,ASSOCIACAO BRASILEIRA DE LICENCIAMENTO DOS CLUBES DE FUTEBOL PROFISSIONAL - ABRALIC,,,False,never
994,COMPANHIA ENERGETICA DE MINAS GERAIS-CEMIG,,,False,never
995,ASSOCIACAO CULTURAL DESPORTIVA DE ARTES MARCIAIS,,,False,never
996,ASSOCIACAO DE AMIGOS COBRAS DA TRILHA,,,False,never
997,EOLICA COXILHA SECA S.A.,,,False,never
998,CONSORCIO INTERMUNICIPAL DE ATENCAO PSICOSSOCIAL - CIAPS,,,False,never
999,MINISTERIO DO TRABALHO E EMPREGO - MTE,,,False,never
1000,DME DISTRIBUICAO S.A. - DMED,,,False,never
1001,COMPANHIA NACIONAL DE ABASTECIMENTO CONAB,,,False,never
1002,INSTITUTO DO PATRIMONIO HISTORICO E ARTISTICO NACIONAL,2026-07-14T15:39:45+00:00,101.293,False,stale
1003,FUNDACAO NACIONAL DE SAUDE,,,False,never
1004,MINISTERIO PUBLICO DA UNIAO,2026-07-14T14:50:48+00:00,102.109,False,stale
1005,ADVOCACIA GERAL DA UNIAO,,,False,never
1006,AGENCIA NACIONAL DE MINERACAO,,,False,never
1007,MINISTERIO DA SEGURANCA PUBLICA,,,False,never
1008,INSTITUTO NACIONAL DO SEGURO SOCIAL,2026-07-14T04:00:03+00:00,112.955,False,stale
1009,INSTITUTO NAC DE ASSISTENCIA MEDICA DA PREVID SOCIAL,,,False,never
1010,CONSELHO REGIONAL DOS TECNICOS INDUSTRIAIS DA 4 REGIAO,,,False,never
1011,PETROLEO BRASILEIRO S A PETROBRAS,,,False,never
1012,COMPANHIA AUXILIAR DE EMPRESAS ELETRICAS BRASILEIRAS,,,False,never
1013,COMPANHIA BRASILEIRA DE ARMAZENAMENTO,,,False,never
1014,SERVICO SOCIAL DO COMERCIO SESC,,,False,never
1015,SERVICO NACIONAL DE APRENDIZAGEM COMERCIAL SENAC,,,False,never
1016,COMPANHIA BRASILEIRA DE ALIMENTOS,,,False,never
1017,FUNDACAO CENTRO BRASILEIRO P/ A INFANCIA E ADOLESCENCIA,,,False,never
1018,COMPANHIA DE FINANCIAMENTO DA PRODUCAO-CFP,,,False,never
1019,SERVICO NACIONAL DE APRENDIZAGEM INDUSTRIAL SENAI,,,False,never
1020,CONSELHO FEDERAL DE MEDICINA,,,False,never
1021,REDE FERROVIARIA FEDERAL S A,,,False,never
1022,SUPERINTENDENCIA NACIONAL DO ABASTECIMENTO,,,False,never
1023,BANCO NACIONAL DE CREDITO COOPERATIVO SA EM LIQUIDACAO,,,False,never
1024,FUNDACAO LEGIAO BRASILEIRA DE ASSISTENCIA,,,False,never
1025,DEPARTAMENTO NACIONAL DE ESTRADAS DE RODAGEM,,,False,never
1026,BANCO NACIONAL DA HABITACAO,,,False,never
1027,EMPRESA DE PORTOS DO BRASIL S/A PORTOBRAS EM LIQUIDACAO,,,False,never
1028,SERVICO SOCIAL DA INDUSTRIA SESI,,,False,never
1029,COMPANHIA BRASILEIRA DE DRAGAGEM,,,False,never
1030,SERVICO FEDERAL DE PROCESSAMENTO DE DADOS (SERPRO),,,False,never
1031,FINANCIADORA DE ESTUDOS E PROJETOS - FINEP,,,False,never
1032,CONSELHO FEDERAL DE ECONOMIA,,,False,never
1033,FUNDACAO INSTIT BRAS DE GEOGRAFIA E ESTATISTICA IBGE,,,False,never
1034,EMPRESA DE ENG E CONSTR DE OBRAS ESPECIAIS S A ECEX,,,False,never
1035,SERVICO SOCIAL DAS ESTRADAS DE FERRO - SESEF,,,False,never
1036,EMPRESA BRASILEIRA DE CORREIOS E TELEGRAFOS,,,False,never
1037,MINISTERIO DOS TRANSPORTES,,,False,never
1038,MINISTERIO DO TRABALHO E EMPREGO - MTE,,,False,never
1039,MINISTERIO DE MINAS E ENERGIA,,,False,never
1040,CONSELHO REGIONAL DE PSICOLOGIA CRP 12A REGIAO,,,False,never
1041,SERVICO NACIONAL DE APRENDIZAGEM RURAL SENAR,,,False,never
1042,SUPERINTENDENCIA DE SEGUROS PRIVADOS,,,False,never
1043,EMPRESA DE TECNOLOGIA E INFORMACOES DA PREVIDENCIA S.A. - DATAPREV,,,False,never
1044,CONSORCIO PUBLICO INTERFEDERATIVO DE SAUDE DA REGIAO DA GRANDE FLORIANOPOLIS,,,False,never
1045,NAV BRASIL SERVICOS DE NAVEGACAO AEREA S.A. - NAV BRASIL,,,False,never
1046,AUTORIDADE PORTUARIA DE SANTOS S.A.,,,False,never
1047,CONSELHO REGIONAL DE BIOLOGIA 9 REGIAO,,,False,never
1048,MINISTERIO DA PESCA E AQUICULTURA,,,False,never
1049,"FUNDACAO JORGE DUPRAT FIGUEIREDO, DE SEGURANCA E MEDICINA DO TRABALHO",,,False,never
1050,CONSELHO REGIONAL DE FONOAUDIOLOGIA 3 REGIAO,,,False,never
1051,SENAT SERVICO NACIONAL DE APRENDIZAGEM DO TRANSPORTE,,,False,never
1052,SEST SERVICO SOCIAL DO TRANSPORTE,,,False,never
1053,ESCOLA AGROTECNICA FEDERAL DE CONCORDIA SC,,,False,never
1054,ESCOLA AGROTECNICA FEDERAL DE SOMBRIO,,,False,never
1055,CONSELHO REGIONAL DE ENFERMAGEM DE SC,,,False,never
1056,EMPRESA DE APIO A AGROPECUARIA DE VIDEIRA SA,,,False,never
1057,EMPRESA URBANIZADORA DE VIDEIRA SOCIEDADE ANONIMA,,,False,never
1058,COMPANHIA DE MELHORAMENTOS DE XAXIM COMEX,,,False,never
1059,INSTITUTO DE PESOS E MEDIDAS DO ESTADO DO PARANA,,,False,never
1060,CONSELHO REGIONAL DE ADMINISTRACAO DE SANTA CATARINA - CRA/SC,,,False,never
1061,CONSELHO REGIONAL DE SERVICO SOCIAL,,,False,never
1062,ORDEM DOS ADVOGADOS DO BRASIL SEC SC SUBSEC JOINVILLE,,,False,never
1063,COMPANHIA DE HABITACAO POPULAR COHAB LAGES,,,False,never
1064,CONSELHO REGIONAL DE MEDICINA DO EST DE SANTA CATARINA,,,False,never
1065,CONSELHO REGIONAL DE QUIMICA DA 13 REGIAO,,,False,never
1066,FUNDACAO DO ENSINO TECNICO DE SANTA CATARINA,,,False,never
1067,COMISSAO MUNICIPAL DE ESPORTES CME,,,False,never
1068,CENTRO FEDERAL DE EDUCACAO TECNOLOGICA DE SANTA CATARINA,,,False,never
1069,CONSELHO REGIONAL DE ENGENHARIA E AGRONOMIA DE SANTA CATARINA,2026-07-15T17:37:23+00:00,75.333,False,stale
1070,CONSELHO REGIONAL DE MEDICINA VETERINARIA DO ESTADO DE SANTA CATARINA,2026-07-14T13:57:15+00:00,103.002,False,stale
1071,SERVICO DE APOIO AS MICRO E PEQUENAS EMPRESAS DE SC,,,False,never
1072,ORDEM DOS ADVOGADOS DO BRASIL SANTA CATARINA,,,False,never
1073,CONSELHO REGIONAL DOS MUSICOS DE SANTA CATARINA,,,False,never
1074,EMPRESA DE ELETRECIDADE LUZ E FORCA DE ARARANGUA SA,,,False,never
1075,CONSELHO REGIONAL DOS CORRETORES DE IMOVEIS DE SC,2026-07-17T17:02:19+00:00,27.917,False,stale
1076,CONSELHO REGIONAL DE TECNICOS EM RADIOLOGIA DE SC,,,False,never
1077,COMPANHIA DE DESENVOLVIMENTO DE CHAPECO CODEC,,,False,never
1078,HOSPITAL SANTO ANTONIO,,,False,never
1079,COMPANHIA HIDROMINERAL CALDAS DA IMPERATRIZ,,,False,never
1080,EMPRESA DE DESENVOLVIMENTO DE JOACABA,,,False,never
1081,FUNDACAO MUSICAL HARMONIA LYRA,,,False,never
1082,EMPRESA DE ASSISTENCIA TECNICA E EXTENSAO RURAL DE SC,,,False,never
1083,CONSELHO REGIONAL DE BIBLIOTECONOMIA DA 14 REGIAO SC,,,False,never
1084,CONSELHO REGIONAL DOS REPRESENTANTES COMERCIAIS NO ESTADO DE SANTA CATARINA,,,False,never
1085,UNIVERSIDADE FEDERAL DE SANTA CATARINA,2026-07-17T14:09:30+00:00,30.798,False,stale
1086,CONSELHO REGIONAL DE FARMACIA DE SANTA CATARINA,2026-07-17T14:01:05+00:00,30.938,False,stale
1087,CONSELHO REGIONAL DE CONTABILIDADE DE SANTA CATARINA,,,False,never
1088,CONSELHO REGIONAL DE ODONTOLOGIA DE SANTA CATARINA,,,False,never
1089,CONSELHO REGIONAL DE NUTRICAO - SEGUNDA REGIAO,,,False,never
1090,BANCO REGIONAL DE DESENVOLVIMENTO DO EXTREMO SUL,,,False,never
2083,SUPERINTENDENCIA REGIONAL DO DPF EM SANTA CATARINA,,,False,never
2084,SUPERINTENDENCIA REG.POL.RODOV.FED. EM SANTA CATARINA,,,False,never
2085,UNIVERSIDADE CORPORATIVA DA POLICIA RODOVIARIA FEDERAL,,,False,never
