claim_id,run_id,profile_hash,cutoff,opportunity_id,recommendation,internal_ranking,confidence,orgao_nome,statement,hard_blockers,missing_information
dec-169,decision-20260719T221130Z-fb0c4820ba,db621d0de72e523f9a821430dfdd5326c7498b5646a13481e6cc7657fb488aa1,2026-07-19,169,NÃO_PARTICIPAR,NO_GO,HIGH,CONSELHO REGIONAL DE MEDICINA VETERINARIA DO ESTADO DE SANTA CATARINA,"Oportunidade 169 → NÃO_PARTICIPAR (score=35, conf=HIGH) órgão=CONSELHO REGIONAL DE MEDICINA VETERINARIA DO ESTADO DE SANTA CATARINA",[],"[""apetite_consorcios"", ""capacidade_garantia"", ""capacidade_simultanea"", ""capital_giro"", ""cats_atestados"", ""certidoes"", ""client_object_fit"", ""contratos_atuais"", ""equipamentos"", ""equipe"", ""margem_minima"", ""risco_aceitavel""]"
dec-6,decision-20260719T221130Z-fb0c4820ba,db621d0de72e523f9a821430dfdd5326c7498b5646a13481e6cc7657fb488aa1,2026-07-19,6,NÃO_PARTICIPAR,NO_GO,HIGH,MUNICIPIO DE JOINVILLE,"Oportunidade 6 → NÃO_PARTICIPAR (score=35, conf=HIGH) órgão=MUNICIPIO DE JOINVILLE",[],"[""apetite_consorcios"", ""capacidade_garantia"", ""capacidade_simultanea"", ""capital_giro"", ""cats_atestados"", ""certidoes"", ""client_object_fit"", ""contratos_atuais"", ""equipamentos"", ""equipe"", ""margem_minima"", ""risco_aceitavel""]"
dec-286,decision-20260719T221130Z-fb0c4820ba,db621d0de72e523f9a821430dfdd5326c7498b5646a13481e6cc7657fb488aa1,2026-07-19,286,NÃO_PARTICIPAR,NO_GO,HIGH,MUNICIPIO DE TIJUCAS,"Oportunidade 286 → NÃO_PARTICIPAR (score=35, conf=HIGH) órgão=MUNICIPIO DE TIJUCAS",[],"[""apetite_consorcios"", ""capacidade_garantia"", ""capacidade_simultanea"", ""capital_giro"", ""cats_atestados"", ""certidoes"", ""client_object_fit"", ""contratos_atuais"", ""equipamentos"", ""equipe"", ""link_edital"", ""margem_minima"", ""risco_aceitavel""]"
dec-170,decision-20260719T221130Z-fb0c4820ba,db621d0de72e523f9a821430dfdd5326c7498b5646a13481e6cc7657fb488aa1,2026-07-19,170,NÃO_PARTICIPAR,NO_GO,HIGH,"INSTITUTO FEDERAL DE EDUCACAO, CIENCIA E TECNOLOGIA DE SANTA CATARINA","Oportunidade 170 → NÃO_PARTICIPAR (score=35, conf=HIGH) órgão=INSTITUTO FEDERAL DE EDUCACAO, CIENCIA E TECNOLOGIA DE SANTA CATARINA",[],"[""apetite_consorcios"", ""capacidade_garantia"", ""capacidade_simultanea"", ""capital_giro"", ""cats_atestados"", ""certidoes"", ""client_object_fit"", ""contratos_atuais"", ""equipamentos"", ""equipe"", ""margem_minima"", ""risco_aceitavel""]"
dec-348,decision-20260719T221130Z-fb0c4820ba,db621d0de72e523f9a821430dfdd5326c7498b5646a13481e6cc7657fb488aa1,2026-07-19,348,NÃO_PARTICIPAR,NO_GO,HIGH,MUNICIPIO DE CAMBORIU,"Oportunidade 348 → NÃO_PARTICIPAR (score=35, conf=HIGH) órgão=MUNICIPIO DE CAMBORIU",[],"[""apetite_consorcios"", ""capacidade_garantia"", ""capacidade_simultanea"", ""capital_giro"", ""cats_atestados"", ""certidoes"", ""client_object_fit"", ""contratos_atuais"", ""equipamentos"", ""equipe"", ""link_edital"", ""margem_minima"", ""risco_aceitavel""]"
dec-151,decision-20260719T221130Z-fb0c4820ba,db621d0de72e523f9a821430dfdd5326c7498b5646a13481e6cc7657fb488aa1,2026-07-19,151,REVIEW,REVIEW,LOW,FUNDACAO CULTURAL HELMY WENDT MAYER,"Oportunidade 151 → REVIEW (score=69, conf=LOW) órgão=FUNDACAO CULTURAL HELMY WENDT MAYER",[],"[""apetite_consorcios"", ""capacidade_garantia"", ""capacidade_simultanea"", ""capital_giro"", ""cats_atestados"", ""certidoes"", ""contratos_atuais"", ""equipamentos"", ""equipe"", ""link_edital"", ""margem_minima"", ""risco_aceitavel""]"
dec-330,decision-20260719T221130Z-fb0c4820ba,db621d0de72e523f9a821430dfdd5326c7498b5646a13481e6cc7657fb488aa1,2026-07-19,330,NÃO_PARTICIPAR,NO_GO,HIGH,MUNICIPIO DE ICARA,"Oportunidade 330 → NÃO_PARTICIPAR (score=35, conf=HIGH) órgão=MUNICIPIO DE ICARA",[],"[""apetite_consorcios"", ""capacidade_garantia"", ""capacidade_simultanea"", ""capital_giro"", ""cats_atestados"", ""certidoes"", ""client_object_fit"", ""contratos_atuais"", ""equipamentos"", ""equipe"", ""link_edital"", ""margem_minima"", ""risco_aceitavel""]"
dec-105,decision-20260719T221130Z-fb0c4820ba,db621d0de72e523f9a821430dfdd5326c7498b5646a13481e6cc7657fb488aa1,2026-07-19,105,NÃO_PARTICIPAR,NO_GO,HIGH,MUNICIPIO DE CANOINHAS,"Oportunidade 105 → NÃO_PARTICIPAR (score=35, conf=HIGH) órgão=MUNICIPIO DE CANOINHAS",[],"[""apetite_consorcios"", ""capacidade_garantia"", ""capacidade_simultanea"", ""capital_giro"", ""cats_atestados"", ""certidoes"", ""client_object_fit"", ""contratos_atuais"", ""equipamentos"", ""equipe"", ""link_edital"", ""margem_minima"", ""risco_aceitavel""]"
dec-50,decision-20260719T221130Z-fb0c4820ba,db621d0de72e523f9a821430dfdd5326c7498b5646a13481e6cc7657fb488aa1,2026-07-19,50,NÃO_PARTICIPAR,NO_GO,HIGH,MUNICIPIO DE ARARANGUA,"Oportunidade 50 → NÃO_PARTICIPAR (score=35, conf=HIGH) órgão=MUNICIPIO DE ARARANGUA",[],"[""apetite_consorcios"", ""capacidade_garantia"", ""capacidade_simultanea"", ""capital_giro"", ""cats_atestados"", ""certidoes"", ""client_object_fit"", ""contratos_atuais"", ""equipamentos"", ""equipe"", ""link_edital"", ""margem_minima"", ""risco_aceitavel""]"
dec-89,decision-20260719T221130Z-fb0c4820ba,db621d0de72e523f9a821430dfdd5326c7498b5646a13481e6cc7657fb488aa1,2026-07-19,89,NÃO_PARTICIPAR,NO_GO,HIGH,MUNICIPIO DE CAPINZAL,"Oportunidade 89 → NÃO_PARTICIPAR (score=35, conf=HIGH) órgão=MUNICIPIO DE CAPINZAL",[],"[""apetite_consorcios"", ""capacidade_garantia"", ""capacidade_simultanea"", ""capital_giro"", ""cats_atestados"", ""certidoes"", ""client_object_fit"", ""contratos_atuais"", ""equipamentos"", ""equipe"", ""link_edital"", ""margem_minima"", ""risco_aceitavel""]"
dec-166,decision-20260719T221130Z-fb0c4820ba,db621d0de72e523f9a821430dfdd5326c7498b5646a13481e6cc7657fb488aa1,2026-07-19,166,NÃO_PARTICIPAR,NO_GO,HIGH,MUNICIPIO DE MONDAI,"Oportunidade 166 → NÃO_PARTICIPAR (score=35, conf=HIGH) órgão=MUNICIPIO DE MONDAI",[],"[""apetite_consorcios"", ""capacidade_garantia"", ""capacidade_simultanea"", ""capital_giro"", ""cats_atestados"", ""certidoes"", ""client_object_fit"", ""contratos_atuais"", ""equipamentos"", ""equipe"", ""link_edital"", ""margem_minima"", ""risco_aceitavel""]"
dec-78,decision-20260719T221130Z-fb0c4820ba,db621d0de72e523f9a821430dfdd5326c7498b5646a13481e6cc7657fb488aa1,2026-07-19,78,NÃO_PARTICIPAR,NO_GO,HIGH,MUNICIPIO DE SAUDADES,"Oportunidade 78 → NÃO_PARTICIPAR (score=35, conf=HIGH) órgão=MUNICIPIO DE SAUDADES",[],"[""apetite_consorcios"", ""capacidade_garantia"", ""capacidade_simultanea"", ""capital_giro"", ""cats_atestados"", ""certidoes"", ""client_object_fit"", ""contratos_atuais"", ""equipamentos"", ""equipe"", ""margem_minima"", ""risco_aceitavel""]"
dec-137,decision-20260719T221130Z-fb0c4820ba,db621d0de72e523f9a821430dfdd5326c7498b5646a13481e6cc7657fb488aa1,2026-07-19,137,NÃO_PARTICIPAR,NO_GO,HIGH,UNIVERSIDADE FEDERAL DE SANTA CATARINA,"Oportunidade 137 → NÃO_PARTICIPAR (score=35, conf=HIGH) órgão=UNIVERSIDADE FEDERAL DE SANTA CATARINA",[],"[""apetite_consorcios"", ""capacidade_garantia"", ""capacidade_simultanea"", ""capital_giro"", ""cats_atestados"", ""certidoes"", ""client_object_fit"", ""contratos_atuais"", ""equipamentos"", ""equipe"", ""margem_minima"", ""risco_aceitavel""]"
dec-124,decision-20260719T221130Z-fb0c4820ba,db621d0de72e523f9a821430dfdd5326c7498b5646a13481e6cc7657fb488aa1,2026-07-19,124,NÃO_PARTICIPAR,NO_GO,HIGH,MUNICIPIO DE PINHALZINHO,"Oportunidade 124 → NÃO_PARTICIPAR (score=35, conf=HIGH) órgão=MUNICIPIO DE PINHALZINHO",[],"[""apetite_consorcios"", ""capacidade_garantia"", ""capacidade_simultanea"", ""capital_giro"", ""cats_atestados"", ""certidoes"", ""client_object_fit"", ""contratos_atuais"", ""equipamentos"", ""equipe"", ""link_edital"", ""margem_minima"", ""risco_aceitavel""]"
dec-289,decision-20260719T221130Z-fb0c4820ba,db621d0de72e523f9a821430dfdd5326c7498b5646a13481e6cc7657fb488aa1,2026-07-19,289,REVIEW,REVIEW,LOW,FUNDO MUNICIPAL DE SAUDE DE TIJUCAS,"Oportunidade 289 → REVIEW (score=69, conf=LOW) órgão=FUNDO MUNICIPAL DE SAUDE DE TIJUCAS",[],"[""apetite_consorcios"", ""capacidade_garantia"", ""capacidade_simultanea"", ""capital_giro"", ""cats_atestados"", ""certidoes"", ""contratos_atuais"", ""equipamentos"", ""equipe"", ""margem_minima"", ""risco_aceitavel""]"
dec-304,decision-20260719T221130Z-fb0c4820ba,db621d0de72e523f9a821430dfdd5326c7498b5646a13481e6cc7657fb488aa1,2026-07-19,304,REVIEW,REVIEW,LOW,MUNICIPIO DE SAO BERNARDINO,"Oportunidade 304 → REVIEW (score=69, conf=LOW) órgão=MUNICIPIO DE SAO BERNARDINO",[],"[""apetite_consorcios"", ""capacidade_garantia"", ""capacidade_simultanea"", ""capital_giro"", ""cats_atestados"", ""certidoes"", ""contratos_atuais"", ""equipamentos"", ""equipe"", ""link_edital"", ""margem_minima"", ""risco_aceitavel""]"
dec-369,decision-20260719T221130Z-fb0c4820ba,db621d0de72e523f9a821430dfdd5326c7498b5646a13481e6cc7657fb488aa1,2026-07-19,369,REVIEW,REVIEW,LOW,MUNICIPIO DE SAO BENTO DO SUL,"Oportunidade 369 → REVIEW (score=69, conf=LOW) órgão=MUNICIPIO DE SAO BENTO DO SUL",[],"[""apetite_consorcios"", ""capacidade_garantia"", ""capacidade_simultanea"", ""capital_giro"", ""cats_atestados"", ""certidoes"", ""contratos_atuais"", ""equipamentos"", ""equipe"", ""link_edital"", ""margem_minima"", ""risco_aceitavel""]"
dec-54,decision-20260719T221130Z-fb0c4820ba,db621d0de72e523f9a821430dfdd5326c7498b5646a13481e6cc7657fb488aa1,2026-07-19,54,NÃO_PARTICIPAR,NO_GO,HIGH,MUNICIPIO DE BOM JESUS DO OESTE,"Oportunidade 54 → NÃO_PARTICIPAR (score=35, conf=HIGH) órgão=MUNICIPIO DE BOM JESUS DO OESTE",[],"[""apetite_consorcios"", ""capacidade_garantia"", ""capacidade_simultanea"", ""capital_giro"", ""cats_atestados"", ""certidoes"", ""client_object_fit"", ""contratos_atuais"", ""equipamentos"", ""equipe"", ""margem_minima"", ""risco_aceitavel""]"
dec-134,decision-20260719T221130Z-fb0c4820ba,db621d0de72e523f9a821430dfdd5326c7498b5646a13481e6cc7657fb488aa1,2026-07-19,134,NÃO_PARTICIPAR,NO_GO,HIGH,MUNICIPIO DE BRACO DO TROMBUDO,"Oportunidade 134 → NÃO_PARTICIPAR (score=35, conf=HIGH) órgão=MUNICIPIO DE BRACO DO TROMBUDO",[],"[""apetite_consorcios"", ""capacidade_garantia"", ""capacidade_simultanea"", ""capital_giro"", ""cats_atestados"", ""certidoes"", ""client_object_fit"", ""contratos_atuais"", ""equipamentos"", ""equipe"", ""margem_minima"", ""risco_aceitavel""]"
dec-112,decision-20260719T221130Z-fb0c4820ba,db621d0de72e523f9a821430dfdd5326c7498b5646a13481e6cc7657fb488aa1,2026-07-19,112,NÃO_PARTICIPAR,NO_GO,HIGH,MUNICIPIO DE GAROPABA,"Oportunidade 112 → NÃO_PARTICIPAR (score=35, conf=HIGH) órgão=MUNICIPIO DE GAROPABA",[],"[""apetite_consorcios"", ""capacidade_garantia"", ""capacidade_simultanea"", ""capital_giro"", ""cats_atestados"", ""certidoes"", ""client_object_fit"", ""contratos_atuais"", ""equipamentos"", ""equipe"", ""link_edital"", ""margem_minima"", ""risco_aceitavel""]"
dec-178,decision-20260719T221130Z-fb0c4820ba,db621d0de72e523f9a821430dfdd5326c7498b5646a13481e6cc7657fb488aa1,2026-07-19,178,NÃO_PARTICIPAR,NO_GO,HIGH,MUNICIPIO DE CAIBI,"Oportunidade 178 → NÃO_PARTICIPAR (score=35, conf=HIGH) órgão=MUNICIPIO DE CAIBI",[],"[""apetite_consorcios"", ""capacidade_garantia"", ""capacidade_simultanea"", ""capital_giro"", ""cats_atestados"", ""certidoes"", ""client_object_fit"", ""contratos_atuais"", ""equipamentos"", ""equipe"", ""link_edital"", ""margem_minima"", ""risco_aceitavel""]"
dec-174,decision-20260719T221130Z-fb0c4820ba,db621d0de72e523f9a821430dfdd5326c7498b5646a13481e6cc7657fb488aa1,2026-07-19,174,NÃO_PARTICIPAR,NO_GO,HIGH,FUNDO MUNICIPAL DE SAUDE DE CERRO NEGRO,"Oportunidade 174 → NÃO_PARTICIPAR (score=35, conf=HIGH) órgão=FUNDO MUNICIPAL DE SAUDE DE CERRO NEGRO",[],"[""apetite_consorcios"", ""capacidade_garantia"", ""capacidade_simultanea"", ""capital_giro"", ""cats_atestados"", ""certidoes"", ""client_object_fit"", ""contratos_atuais"", ""equipamentos"", ""equipe"", ""link_edital"", ""margem_minima"", ""risco_aceitavel""]"
dec-171,decision-20260719T221130Z-fb0c4820ba,db621d0de72e523f9a821430dfdd5326c7498b5646a13481e6cc7657fb488aa1,2026-07-19,171,NÃO_PARTICIPAR,NO_GO,HIGH,COMANDO DA MARINHA,"Oportunidade 171 → NÃO_PARTICIPAR (score=35, conf=HIGH) órgão=COMANDO DA MARINHA",[],"[""apetite_consorcios"", ""capacidade_garantia"", ""capacidade_simultanea"", ""capital_giro"", ""cats_atestados"", ""certidoes"", ""client_object_fit"", ""contratos_atuais"", ""equipamentos"", ""equipe"", ""margem_minima"", ""risco_aceitavel""]"
dec-188,decision-20260719T221130Z-fb0c4820ba,db621d0de72e523f9a821430dfdd5326c7498b5646a13481e6cc7657fb488aa1,2026-07-19,188,NÃO_PARTICIPAR,NO_GO,HIGH,SERVICO INTERMUNICIPAL DE AGUA E ESGOTO,"Oportunidade 188 → NÃO_PARTICIPAR (score=35, conf=HIGH) órgão=SERVICO INTERMUNICIPAL DE AGUA E ESGOTO",[],"[""apetite_consorcios"", ""capacidade_garantia"", ""capacidade_simultanea"", ""capital_giro"", ""cats_atestados"", ""certidoes"", ""client_object_fit"", ""contratos_atuais"", ""equipamentos"", ""equipe"", ""link_edital"", ""margem_minima"", ""risco_aceitavel""]"
dec-122,decision-20260719T221130Z-fb0c4820ba,db621d0de72e523f9a821430dfdd5326c7498b5646a13481e6cc7657fb488aa1,2026-07-19,122,NÃO_PARTICIPAR,NO_GO,HIGH,MUNICIPIO DE SAO JOSE,"Oportunidade 122 → NÃO_PARTICIPAR (score=35, conf=HIGH) órgão=MUNICIPIO DE SAO JOSE",[],"[""apetite_consorcios"", ""capacidade_garantia"", ""capacidade_simultanea"", ""capital_giro"", ""cats_atestados"", ""certidoes"", ""client_object_fit"", ""contratos_atuais"", ""equipamentos"", ""equipe"", ""link_edital"", ""margem_minima"", ""risco_aceitavel"", ""valor_estimado""]"
dec-353,decision-20260719T221130Z-fb0c4820ba,db621d0de72e523f9a821430dfdd5326c7498b5646a13481e6cc7657fb488aa1,2026-07-19,353,REVIEW,REVIEW,LOW,MUNICIPIO DE PALMA SOLA,"Oportunidade 353 → REVIEW (score=69, conf=LOW) órgão=MUNICIPIO DE PALMA SOLA",[],"[""apetite_consorcios"", ""capacidade_garantia"", ""capacidade_simultanea"", ""capital_giro"", ""cats_atestados"", ""certidoes"", ""contratos_atuais"", ""equipamentos"", ""equipe"", ""link_edital"", ""margem_minima"", ""risco_aceitavel""]"
dec-76,decision-20260719T221130Z-fb0c4820ba,db621d0de72e523f9a821430dfdd5326c7498b5646a13481e6cc7657fb488aa1,2026-07-19,76,NÃO_PARTICIPAR,NO_GO,HIGH,MUNICIPIO DE SAUDADES,"Oportunidade 76 → NÃO_PARTICIPAR (score=35, conf=HIGH) órgão=MUNICIPIO DE SAUDADES",[],"[""apetite_consorcios"", ""capacidade_garantia"", ""capacidade_simultanea"", ""capital_giro"", ""cats_atestados"", ""certidoes"", ""client_object_fit"", ""contratos_atuais"", ""equipamentos"", ""equipe"", ""link_edital"", ""margem_minima"", ""risco_aceitavel""]"
dec-119,decision-20260719T221130Z-fb0c4820ba,db621d0de72e523f9a821430dfdd5326c7498b5646a13481e6cc7657fb488aa1,2026-07-19,119,NÃO_PARTICIPAR,NO_GO,HIGH,FUNDO MUNICIPAL DE SAUDE DE SAO DOMINGOS,"Oportunidade 119 → NÃO_PARTICIPAR (score=35, conf=HIGH) órgão=FUNDO MUNICIPAL DE SAUDE DE SAO DOMINGOS",[],"[""apetite_consorcios"", ""capacidade_garantia"", ""capacidade_simultanea"", ""capital_giro"", ""cats_atestados"", ""certidoes"", ""client_object_fit"", ""contratos_atuais"", ""equipamentos"", ""equipe"", ""link_edital"", ""margem_minima"", ""risco_aceitavel""]"
dec-158,decision-20260719T221130Z-fb0c4820ba,db621d0de72e523f9a821430dfdd5326c7498b5646a13481e6cc7657fb488aa1,2026-07-19,158,NÃO_PARTICIPAR,NO_GO,HIGH,INSTITUTO DO MEIO AMBIENTE DO ESTADO DE SANTA CATARINA,"Oportunidade 158 → NÃO_PARTICIPAR (score=35, conf=HIGH) órgão=INSTITUTO DO MEIO AMBIENTE DO ESTADO DE SANTA CATARINA",[],"[""apetite_consorcios"", ""capacidade_garantia"", ""capacidade_simultanea"", ""capital_giro"", ""cats_atestados"", ""certidoes"", ""client_object_fit"", ""contratos_atuais"", ""equipamentos"", ""equipe"", ""link_edital"", ""margem_minima"", ""risco_aceitavel"", ""valor_estimado""]"
dec-117,decision-20260719T221130Z-fb0c4820ba,db621d0de72e523f9a821430dfdd5326c7498b5646a13481e6cc7657fb488aa1,2026-07-19,117,NÃO_PARTICIPAR,NO_GO,HIGH,MUNICIPIO DE NOVO HORIZONTE,"Oportunidade 117 → NÃO_PARTICIPAR (score=35, conf=HIGH) órgão=MUNICIPIO DE NOVO HORIZONTE",[],"[""apetite_consorcios"", ""capacidade_garantia"", ""capacidade_simultanea"", ""capital_giro"", ""cats_atestados"", ""certidoes"", ""client_object_fit"", ""contratos_atuais"", ""equipamentos"", ""equipe"", ""margem_minima"", ""risco_aceitavel""]"
dec-184,decision-20260719T221130Z-fb0c4820ba,db621d0de72e523f9a821430dfdd5326c7498b5646a13481e6cc7657fb488aa1,2026-07-19,184,NÃO_PARTICIPAR,NO_GO,HIGH,FUNDO ESTADUAL DE SAUDE,"Oportunidade 184 → NÃO_PARTICIPAR (score=35, conf=HIGH) órgão=FUNDO ESTADUAL DE SAUDE",[],"[""apetite_consorcios"", ""capacidade_garantia"", ""capacidade_simultanea"", ""capital_giro"", ""cats_atestados"", ""certidoes"", ""client_object_fit"", ""contratos_atuais"", ""equipamentos"", ""equipe"", ""link_edital"", ""margem_minima"", ""risco_aceitavel"", ""valor_estimado""]"
dec-287,decision-20260719T221130Z-fb0c4820ba,db621d0de72e523f9a821430dfdd5326c7498b5646a13481e6cc7657fb488aa1,2026-07-19,287,REVIEW,REVIEW,LOW,MUNICIPIO DE TIJUCAS,"Oportunidade 287 → REVIEW (score=69, conf=LOW) órgão=MUNICIPIO DE TIJUCAS",[],"[""apetite_consorcios"", ""capacidade_garantia"", ""capacidade_simultanea"", ""capital_giro"", ""cats_atestados"", ""certidoes"", ""contratos_atuais"", ""equipamentos"", ""equipe"", ""link_edital"", ""margem_minima"", ""risco_aceitavel""]"
dec-294,decision-20260719T221130Z-fb0c4820ba,db621d0de72e523f9a821430dfdd5326c7498b5646a13481e6cc7657fb488aa1,2026-07-19,294,REVIEW,REVIEW,LOW,MUNICIPIO DE VITOR MEIRELES,"Oportunidade 294 → REVIEW (score=69, conf=LOW) órgão=MUNICIPIO DE VITOR MEIRELES",[],"[""apetite_consorcios"", ""capacidade_garantia"", ""capacidade_simultanea"", ""capital_giro"", ""cats_atestados"", ""certidoes"", ""contratos_atuais"", ""equipamentos"", ""equipe"", ""link_edital"", ""margem_minima"", ""risco_aceitavel""]"
dec-297,decision-20260719T221130Z-fb0c4820ba,db621d0de72e523f9a821430dfdd5326c7498b5646a13481e6cc7657fb488aa1,2026-07-19,297,NÃO_PARTICIPAR,NO_GO,HIGH,MUNICIPIO DE SAO DOMINGOS,"Oportunidade 297 → NÃO_PARTICIPAR (score=35, conf=HIGH) órgão=MUNICIPIO DE SAO DOMINGOS",[],"[""apetite_consorcios"", ""capacidade_garantia"", ""capacidade_simultanea"", ""capital_giro"", ""cats_atestados"", ""certidoes"", ""client_object_fit"", ""contratos_atuais"", ""equipamentos"", ""equipe"", ""link_edital"", ""margem_minima"", ""risco_aceitavel""]"
dec-351,decision-20260719T221130Z-fb0c4820ba,db621d0de72e523f9a821430dfdd5326c7498b5646a13481e6cc7657fb488aa1,2026-07-19,351,NÃO_PARTICIPAR,NO_GO,HIGH,MUNICIPIO DE SANTA ROSA DE LIMA,"Oportunidade 351 → NÃO_PARTICIPAR (score=35, conf=HIGH) órgão=MUNICIPIO DE SANTA ROSA DE LIMA",[],"[""apetite_consorcios"", ""capacidade_garantia"", ""capacidade_simultanea"", ""capital_giro"", ""cats_atestados"", ""certidoes"", ""client_object_fit"", ""contratos_atuais"", ""equipamentos"", ""equipe"", ""link_edital"", ""margem_minima"", ""risco_aceitavel""]"
dec-358,decision-20260719T221130Z-fb0c4820ba,db621d0de72e523f9a821430dfdd5326c7498b5646a13481e6cc7657fb488aa1,2026-07-19,358,NÃO_PARTICIPAR,NO_GO,HIGH,FUNDO MUN. DE ASSISTENCIA SOCIAL DE JARAGUA DO SUL-FMAS,"Oportunidade 358 → NÃO_PARTICIPAR (score=35, conf=HIGH) órgão=FUNDO MUN. DE ASSISTENCIA SOCIAL DE JARAGUA DO SUL-FMAS",[],"[""apetite_consorcios"", ""capacidade_garantia"", ""capacidade_simultanea"", ""capital_giro"", ""cats_atestados"", ""certidoes"", ""client_object_fit"", ""contratos_atuais"", ""equipamentos"", ""equipe"", ""link_edital"", ""margem_minima"", ""risco_aceitavel""]"
dec-374,decision-20260719T221130Z-fb0c4820ba,db621d0de72e523f9a821430dfdd5326c7498b5646a13481e6cc7657fb488aa1,2026-07-19,374,NÃO_PARTICIPAR,NO_GO,HIGH,MUNICIPIO DE SCHROEDER,"Oportunidade 374 → NÃO_PARTICIPAR (score=35, conf=HIGH) órgão=MUNICIPIO DE SCHROEDER",[],"[""apetite_consorcios"", ""capacidade_garantia"", ""capacidade_simultanea"", ""capital_giro"", ""cats_atestados"", ""certidoes"", ""client_object_fit"", ""contratos_atuais"", ""equipamentos"", ""equipe"", ""link_edital"", ""margem_minima"", ""risco_aceitavel""]"
dec-120,decision-20260719T221130Z-fb0c4820ba,db621d0de72e523f9a821430dfdd5326c7498b5646a13481e6cc7657fb488aa1,2026-07-19,120,NÃO_PARTICIPAR,NO_GO,HIGH,MUNICIPIO DE BRUSQUE,"Oportunidade 120 → NÃO_PARTICIPAR (score=35, conf=HIGH) órgão=MUNICIPIO DE BRUSQUE",[],"[""apetite_consorcios"", ""capacidade_garantia"", ""capacidade_simultanea"", ""capital_giro"", ""cats_atestados"", ""certidoes"", ""client_object_fit"", ""contratos_atuais"", ""equipamentos"", ""equipe"", ""link_edital"", ""margem_minima"", ""risco_aceitavel""]"
dec-141,decision-20260719T221130Z-fb0c4820ba,db621d0de72e523f9a821430dfdd5326c7498b5646a13481e6cc7657fb488aa1,2026-07-19,141,NÃO_PARTICIPAR,NO_GO,HIGH,MUNICIPIO DE RODEIO,"Oportunidade 141 → NÃO_PARTICIPAR (score=35, conf=HIGH) órgão=MUNICIPIO DE RODEIO",[],"[""apetite_consorcios"", ""capacidade_garantia"", ""capacidade_simultanea"", ""capital_giro"", ""cats_atestados"", ""certidoes"", ""client_object_fit"", ""contratos_atuais"", ""equipamentos"", ""equipe"", ""margem_minima"", ""risco_aceitavel""]"
dec-116,decision-20260719T221130Z-fb0c4820ba,db621d0de72e523f9a821430dfdd5326c7498b5646a13481e6cc7657fb488aa1,2026-07-19,116,NÃO_PARTICIPAR,NO_GO,HIGH,MUNICIPIO DE RODEIO,"Oportunidade 116 → NÃO_PARTICIPAR (score=35, conf=HIGH) órgão=MUNICIPIO DE RODEIO",[],"[""apetite_consorcios"", ""capacidade_garantia"", ""capacidade_simultanea"", ""capital_giro"", ""cats_atestados"", ""certidoes"", ""client_object_fit"", ""contratos_atuais"", ""equipamentos"", ""equipe"", ""link_edital"", ""margem_minima"", ""risco_aceitavel""]"
dec-115,decision-20260719T221130Z-fb0c4820ba,db621d0de72e523f9a821430dfdd5326c7498b5646a13481e6cc7657fb488aa1,2026-07-19,115,NÃO_PARTICIPAR,NO_GO,HIGH,MUNICIPIO DE ITAJAI,"Oportunidade 115 → NÃO_PARTICIPAR (score=35, conf=HIGH) órgão=MUNICIPIO DE ITAJAI",[],"[""apetite_consorcios"", ""capacidade_garantia"", ""capacidade_simultanea"", ""capital_giro"", ""cats_atestados"", ""certidoes"", ""client_object_fit"", ""contratos_atuais"", ""equipamentos"", ""equipe"", ""link_edital"", ""margem_minima"", ""risco_aceitavel""]"
dec-177,decision-20260719T221130Z-fb0c4820ba,db621d0de72e523f9a821430dfdd5326c7498b5646a13481e6cc7657fb488aa1,2026-07-19,177,NÃO_PARTICIPAR,NO_GO,HIGH,FUNDO MUNICIPAL DE SAUDE DE ARAQUARI - SC,"Oportunidade 177 → NÃO_PARTICIPAR (score=35, conf=HIGH) órgão=FUNDO MUNICIPAL DE SAUDE DE ARAQUARI - SC",[],"[""apetite_consorcios"", ""capacidade_garantia"", ""capacidade_simultanea"", ""capital_giro"", ""cats_atestados"", ""certidoes"", ""client_object_fit"", ""contratos_atuais"", ""equipamentos"", ""equipe"", ""link_edital"", ""margem_minima"", ""risco_aceitavel""]"
dec-179,decision-20260719T221130Z-fb0c4820ba,db621d0de72e523f9a821430dfdd5326c7498b5646a13481e6cc7657fb488aa1,2026-07-19,179,NÃO_PARTICIPAR,NO_GO,HIGH,MUNICIPIO DE CAIBI,"Oportunidade 179 → NÃO_PARTICIPAR (score=35, conf=HIGH) órgão=MUNICIPIO DE CAIBI",[],"[""apetite_consorcios"", ""capacidade_garantia"", ""capacidade_simultanea"", ""capital_giro"", ""cats_atestados"", ""certidoes"", ""client_object_fit"", ""contratos_atuais"", ""equipamentos"", ""equipe"", ""margem_minima"", ""risco_aceitavel""]"
dec-94,decision-20260719T221130Z-fb0c4820ba,db621d0de72e523f9a821430dfdd5326c7498b5646a13481e6cc7657fb488aa1,2026-07-19,94,NÃO_PARTICIPAR,NO_GO,HIGH,MUNICIPIO DE CAPINZAL,"Oportunidade 94 → NÃO_PARTICIPAR (score=35, conf=HIGH) órgão=MUNICIPIO DE CAPINZAL",[],"[""apetite_consorcios"", ""capacidade_garantia"", ""capacidade_simultanea"", ""capital_giro"", ""cats_atestados"", ""certidoes"", ""client_object_fit"", ""contratos_atuais"", ""equipamentos"", ""equipe"", ""link_edital"", ""margem_minima"", ""risco_aceitavel""]"
dec-92,decision-20260719T221130Z-fb0c4820ba,db621d0de72e523f9a821430dfdd5326c7498b5646a13481e6cc7657fb488aa1,2026-07-19,92,NÃO_PARTICIPAR,NO_GO,HIGH,MUNICIPIO DE NAVEGANTES,"Oportunidade 92 → NÃO_PARTICIPAR (score=35, conf=HIGH) órgão=MUNICIPIO DE NAVEGANTES",[],"[""apetite_consorcios"", ""capacidade_garantia"", ""capacidade_simultanea"", ""capital_giro"", ""cats_atestados"", ""certidoes"", ""client_object_fit"", ""contratos_atuais"", ""equipamentos"", ""equipe"", ""link_edital"", ""margem_minima"", ""risco_aceitavel""]"
dec-91,decision-20260719T221130Z-fb0c4820ba,db621d0de72e523f9a821430dfdd5326c7498b5646a13481e6cc7657fb488aa1,2026-07-19,91,NÃO_PARTICIPAR,NO_GO,HIGH,CAMARA MUNICIPAL DE VEREADORES DE ITA,"Oportunidade 91 → NÃO_PARTICIPAR (score=35, conf=HIGH) órgão=CAMARA MUNICIPAL DE VEREADORES DE ITA",[],"[""apetite_consorcios"", ""capacidade_garantia"", ""capacidade_simultanea"", ""capital_giro"", ""cats_atestados"", ""certidoes"", ""client_object_fit"", ""contratos_atuais"", ""equipamentos"", ""equipe"", ""link_edital"", ""margem_minima"", ""risco_aceitavel""]"
dec-85,decision-20260719T221130Z-fb0c4820ba,db621d0de72e523f9a821430dfdd5326c7498b5646a13481e6cc7657fb488aa1,2026-07-19,85,NÃO_PARTICIPAR,NO_GO,HIGH,MUNICIPIO DE SOMBRIO,"Oportunidade 85 → NÃO_PARTICIPAR (score=35, conf=HIGH) órgão=MUNICIPIO DE SOMBRIO",[],"[""apetite_consorcios"", ""capacidade_garantia"", ""capacidade_simultanea"", ""capital_giro"", ""cats_atestados"", ""certidoes"", ""client_object_fit"", ""contratos_atuais"", ""equipamentos"", ""equipe"", ""margem_minima"", ""risco_aceitavel""]"
dec-156,decision-20260719T221130Z-fb0c4820ba,db621d0de72e523f9a821430dfdd5326c7498b5646a13481e6cc7657fb488aa1,2026-07-19,156,NÃO_PARTICIPAR,NO_GO,HIGH,DEPARTAMENTO ESTADUAL DE TRANSITO,"Oportunidade 156 → NÃO_PARTICIPAR (score=35, conf=HIGH) órgão=DEPARTAMENTO ESTADUAL DE TRANSITO",[],"[""apetite_consorcios"", ""capacidade_garantia"", ""capacidade_simultanea"", ""capital_giro"", ""cats_atestados"", ""certidoes"", ""client_object_fit"", ""contratos_atuais"", ""equipamentos"", ""equipe"", ""link_edital"", ""margem_minima"", ""risco_aceitavel"", ""valor_estimado""]"
dec-83,decision-20260719T221130Z-fb0c4820ba,db621d0de72e523f9a821430dfdd5326c7498b5646a13481e6cc7657fb488aa1,2026-07-19,83,NÃO_PARTICIPAR,NO_GO,HIGH,MUNICIPIO DE ITAPIRANGA,"Oportunidade 83 → NÃO_PARTICIPAR (score=35, conf=HIGH) órgão=MUNICIPIO DE ITAPIRANGA",[],"[""apetite_consorcios"", ""capacidade_garantia"", ""capacidade_simultanea"", ""capital_giro"", ""cats_atestados"", ""certidoes"", ""client_object_fit"", ""contratos_atuais"", ""equipamentos"", ""equipe"", ""link_edital"", ""margem_minima"", ""risco_aceitavel""]"
dec-82,decision-20260719T221130Z-fb0c4820ba,db621d0de72e523f9a821430dfdd5326c7498b5646a13481e6cc7657fb488aa1,2026-07-19,82,NÃO_PARTICIPAR,NO_GO,HIGH,MUNICIPIO DE XAXIM,"Oportunidade 82 → NÃO_PARTICIPAR (score=35, conf=HIGH) órgão=MUNICIPIO DE XAXIM",[],"[""apetite_consorcios"", ""capacidade_garantia"", ""capacidade_simultanea"", ""capital_giro"", ""cats_atestados"", ""certidoes"", ""client_object_fit"", ""contratos_atuais"", ""equipamentos"", ""equipe"", ""link_edital"", ""margem_minima"", ""risco_aceitavel""]"
dec-57,decision-20260719T221130Z-fb0c4820ba,db621d0de72e523f9a821430dfdd5326c7498b5646a13481e6cc7657fb488aa1,2026-07-19,57,NÃO_PARTICIPAR,NO_GO,HIGH,MUNICIPIO DE SAO JOAQUIM,"Oportunidade 57 → NÃO_PARTICIPAR (score=35, conf=HIGH) órgão=MUNICIPIO DE SAO JOAQUIM",[],"[""apetite_consorcios"", ""capacidade_garantia"", ""capacidade_simultanea"", ""capital_giro"", ""cats_atestados"", ""certidoes"", ""client_object_fit"", ""contratos_atuais"", ""equipamentos"", ""equipe"", ""margem_minima"", ""risco_aceitavel""]"
dec-30,decision-20260719T221130Z-fb0c4820ba,db621d0de72e523f9a821430dfdd5326c7498b5646a13481e6cc7657fb488aa1,2026-07-19,30,NÃO_PARTICIPAR,NO_GO,HIGH,MUNICIPIO DE SAO JOAO BATISTA,"Oportunidade 30 → NÃO_PARTICIPAR (score=35, conf=HIGH) órgão=MUNICIPIO DE SAO JOAO BATISTA",[],"[""apetite_consorcios"", ""capacidade_garantia"", ""capacidade_simultanea"", ""capital_giro"", ""cats_atestados"", ""certidoes"", ""client_object_fit"", ""contratos_atuais"", ""equipamentos"", ""equipe"", ""link_edital"", ""margem_minima"", ""risco_aceitavel""]"
dec-135,decision-20260719T221130Z-fb0c4820ba,db621d0de72e523f9a821430dfdd5326c7498b5646a13481e6cc7657fb488aa1,2026-07-19,135,NÃO_PARTICIPAR,NO_GO,HIGH,MUNICIPIO DE RIO DO SUL,"Oportunidade 135 → NÃO_PARTICIPAR (score=35, conf=HIGH) órgão=MUNICIPIO DE RIO DO SUL",[],"[""apetite_consorcios"", ""capacidade_garantia"", ""capacidade_simultanea"", ""capital_giro"", ""cats_atestados"", ""certidoes"", ""client_object_fit"", ""contratos_atuais"", ""equipamentos"", ""equipe"", ""margem_minima"", ""risco_aceitavel""]"
dec-357,decision-20260719T221130Z-fb0c4820ba,db621d0de72e523f9a821430dfdd5326c7498b5646a13481e6cc7657fb488aa1,2026-07-19,357,REVIEW,REVIEW,LOW,MUNICIPIO DE PALMA SOLA,"Oportunidade 357 → REVIEW (score=69, conf=LOW) órgão=MUNICIPIO DE PALMA SOLA",[],"[""apetite_consorcios"", ""capacidade_garantia"", ""capacidade_simultanea"", ""capital_giro"", ""cats_atestados"", ""certidoes"", ""contratos_atuais"", ""equipamentos"", ""equipe"", ""margem_minima"", ""risco_aceitavel""]"
dec-140,decision-20260719T221130Z-fb0c4820ba,db621d0de72e523f9a821430dfdd5326c7498b5646a13481e6cc7657fb488aa1,2026-07-19,140,NÃO_PARTICIPAR,NO_GO,HIGH,FUNDO MUNICIPAL DE SAUDE DE CONCORDIA,"Oportunidade 140 → NÃO_PARTICIPAR (score=35, conf=HIGH) órgão=FUNDO MUNICIPAL DE SAUDE DE CONCORDIA",[],"[""apetite_consorcios"", ""capacidade_garantia"", ""capacidade_simultanea"", ""capital_giro"", ""cats_atestados"", ""certidoes"", ""client_object_fit"", ""contratos_atuais"", ""equipamentos"", ""equipe"", ""link_edital"", ""margem_minima"", ""risco_aceitavel""]"
dec-282,decision-20260719T221130Z-fb0c4820ba,db621d0de72e523f9a821430dfdd5326c7498b5646a13481e6cc7657fb488aa1,2026-07-19,282,NÃO_PARTICIPAR,NO_GO,HIGH,MUNICIPIO DE ORLEANS,"Oportunidade 282 → NÃO_PARTICIPAR (score=35, conf=HIGH) órgão=MUNICIPIO DE ORLEANS",[],"[""apetite_consorcios"", ""capacidade_garantia"", ""capacidade_simultanea"", ""capital_giro"", ""cats_atestados"", ""certidoes"", ""client_object_fit"", ""contratos_atuais"", ""equipamentos"", ""equipe"", ""link_edital"", ""margem_minima"", ""risco_aceitavel""]"
dec-257,decision-20260719T221130Z-fb0c4820ba,db621d0de72e523f9a821430dfdd5326c7498b5646a13481e6cc7657fb488aa1,2026-07-19,257,NÃO_PARTICIPAR,NO_GO,HIGH,MUNICIPIO DE SAO JOSE,"Oportunidade 257 → NÃO_PARTICIPAR (score=35, conf=HIGH) órgão=MUNICIPIO DE SAO JOSE",[],"[""apetite_consorcios"", ""capacidade_garantia"", ""capacidade_simultanea"", ""capital_giro"", ""cats_atestados"", ""certidoes"", ""client_object_fit"", ""contratos_atuais"", ""equipamentos"", ""equipe"", ""link_edital"", ""margem_minima"", ""risco_aceitavel"", ""valor_estimado""]"
dec-214,decision-20260719T221130Z-fb0c4820ba,db621d0de72e523f9a821430dfdd5326c7498b5646a13481e6cc7657fb488aa1,2026-07-19,214,NÃO_PARTICIPAR,NO_GO,HIGH,FUNDO ESTADUAL DE SAUDE,"Oportunidade 214 → NÃO_PARTICIPAR (score=35, conf=HIGH) órgão=FUNDO ESTADUAL DE SAUDE",[],"[""apetite_consorcios"", ""capacidade_garantia"", ""capacidade_simultanea"", ""capital_giro"", ""cats_atestados"", ""certidoes"", ""client_object_fit"", ""contratos_atuais"", ""equipamentos"", ""equipe"", ""link_edital"", ""margem_minima"", ""risco_aceitavel"", ""valor_estimado""]"
dec-128,decision-20260719T221130Z-fb0c4820ba,db621d0de72e523f9a821430dfdd5326c7498b5646a13481e6cc7657fb488aa1,2026-07-19,128,NÃO_PARTICIPAR,NO_GO,HIGH,MUNICIPIO DE ANITA GARIBALDI,"Oportunidade 128 → NÃO_PARTICIPAR (score=35, conf=HIGH) órgão=MUNICIPIO DE ANITA GARIBALDI",[],"[""apetite_consorcios"", ""capacidade_garantia"", ""capacidade_simultanea"", ""capital_giro"", ""cats_atestados"", ""certidoes"", ""client_object_fit"", ""contratos_atuais"", ""equipamentos"", ""equipe"", ""link_edital"", ""margem_minima"", ""risco_aceitavel""]"
dec-276,decision-20260719T221130Z-fb0c4820ba,db621d0de72e523f9a821430dfdd5326c7498b5646a13481e6cc7657fb488aa1,2026-07-19,276,NÃO_PARTICIPAR,NO_GO,HIGH,MUNICIPIO DE BOM RETIRO,"Oportunidade 276 → NÃO_PARTICIPAR (score=35, conf=HIGH) órgão=MUNICIPIO DE BOM RETIRO",[],"[""apetite_consorcios"", ""capacidade_garantia"", ""capacidade_simultanea"", ""capital_giro"", ""cats_atestados"", ""certidoes"", ""client_object_fit"", ""contratos_atuais"", ""equipamentos"", ""equipe"", ""margem_minima"", ""risco_aceitavel""]"
dec-67,decision-20260719T221130Z-fb0c4820ba,db621d0de72e523f9a821430dfdd5326c7498b5646a13481e6cc7657fb488aa1,2026-07-19,67,NÃO_PARTICIPAR,NO_GO,HIGH,MUNICIPIO DE CHAPECO,"Oportunidade 67 → NÃO_PARTICIPAR (score=35, conf=HIGH) órgão=MUNICIPIO DE CHAPECO",[],"[""apetite_consorcios"", ""capacidade_garantia"", ""capacidade_simultanea"", ""capital_giro"", ""cats_atestados"", ""certidoes"", ""client_object_fit"", ""contratos_atuais"", ""equipamentos"", ""equipe"", ""link_edital"", ""margem_minima"", ""risco_aceitavel""]"
dec-153,decision-20260719T221130Z-fb0c4820ba,db621d0de72e523f9a821430dfdd5326c7498b5646a13481e6cc7657fb488aa1,2026-07-19,153,NÃO_PARTICIPAR,NO_GO,HIGH,FUNDO MUNICIPAL DE SAUDE DE FLORIANOPOLIS,"Oportunidade 153 → NÃO_PARTICIPAR (score=35, conf=HIGH) órgão=FUNDO MUNICIPAL DE SAUDE DE FLORIANOPOLIS",[],"[""apetite_consorcios"", ""capacidade_garantia"", ""capacidade_simultanea"", ""capital_giro"", ""cats_atestados"", ""certidoes"", ""client_object_fit"", ""contratos_atuais"", ""equipamentos"", ""equipe"", ""link_edital"", ""margem_minima"", ""risco_aceitavel""]"
dec-68,decision-20260719T221130Z-fb0c4820ba,db621d0de72e523f9a821430dfdd5326c7498b5646a13481e6cc7657fb488aa1,2026-07-19,68,NÃO_PARTICIPAR,NO_GO,HIGH,MUNICIPIO DE IOMERE,"Oportunidade 68 → NÃO_PARTICIPAR (score=35, conf=HIGH) órgão=MUNICIPIO DE IOMERE",[],"[""apetite_consorcios"", ""capacidade_garantia"", ""capacidade_simultanea"", ""capital_giro"", ""cats_atestados"", ""certidoes"", ""client_object_fit"", ""contratos_atuais"", ""equipamentos"", ""equipe"", ""margem_minima"", ""risco_aceitavel""]"
dec-110,decision-20260719T221130Z-fb0c4820ba,db621d0de72e523f9a821430dfdd5326c7498b5646a13481e6cc7657fb488aa1,2026-07-19,110,NÃO_PARTICIPAR,NO_GO,HIGH,FUNDO MUNICIPAL DE SAUDE DO MUNICIPIO DE BOM JESUS DO OESTE,"Oportunidade 110 → NÃO_PARTICIPAR (score=35, conf=HIGH) órgão=FUNDO MUNICIPAL DE SAUDE DO MUNICIPIO DE BOM JESUS DO OESTE",[],"[""apetite_consorcios"", ""capacidade_garantia"", ""capacidade_simultanea"", ""capital_giro"", ""cats_atestados"", ""certidoes"", ""client_object_fit"", ""contratos_atuais"", ""equipamentos"", ""equipe"", ""link_edital"", ""margem_minima"", ""risco_aceitavel""]"
dec-35,decision-20260719T221130Z-fb0c4820ba,db621d0de72e523f9a821430dfdd5326c7498b5646a13481e6cc7657fb488aa1,2026-07-19,35,NÃO_PARTICIPAR,NO_GO,HIGH,MUNICIPIO DE ITAPOA,"Oportunidade 35 → NÃO_PARTICIPAR (score=35, conf=HIGH) órgão=MUNICIPIO DE ITAPOA",[],"[""apetite_consorcios"", ""capacidade_garantia"", ""capacidade_simultanea"", ""capital_giro"", ""cats_atestados"", ""certidoes"", ""client_object_fit"", ""contratos_atuais"", ""equipamentos"", ""equipe"", ""margem_minima"", ""risco_aceitavel""]"
dec-139,decision-20260719T221130Z-fb0c4820ba,db621d0de72e523f9a821430dfdd5326c7498b5646a13481e6cc7657fb488aa1,2026-07-19,139,NÃO_PARTICIPAR,NO_GO,HIGH,MUNICIPIO DE RIO DO SUL,"Oportunidade 139 → NÃO_PARTICIPAR (score=35, conf=HIGH) órgão=MUNICIPIO DE RIO DO SUL",[],"[""apetite_consorcios"", ""capacidade_garantia"", ""capacidade_simultanea"", ""capital_giro"", ""cats_atestados"", ""certidoes"", ""client_object_fit"", ""contratos_atuais"", ""equipamentos"", ""equipe"", ""link_edital"", ""margem_minima"", ""risco_aceitavel""]"
dec-111,decision-20260719T221130Z-fb0c4820ba,db621d0de72e523f9a821430dfdd5326c7498b5646a13481e6cc7657fb488aa1,2026-07-19,111,NÃO_PARTICIPAR,NO_GO,HIGH,FUNDO MUNICIPAL DE SAUDE DO MUNICIPIO DE BOM JESUS DO OESTE,"Oportunidade 111 → NÃO_PARTICIPAR (score=35, conf=HIGH) órgão=FUNDO MUNICIPAL DE SAUDE DO MUNICIPIO DE BOM JESUS DO OESTE",[],"[""apetite_consorcios"", ""capacidade_garantia"", ""capacidade_simultanea"", ""capital_giro"", ""cats_atestados"", ""certidoes"", ""client_object_fit"", ""contratos_atuais"", ""equipamentos"", ""equipe"", ""margem_minima"", ""risco_aceitavel""]"
dec-129,decision-20260719T221130Z-fb0c4820ba,db621d0de72e523f9a821430dfdd5326c7498b5646a13481e6cc7657fb488aa1,2026-07-19,129,NÃO_PARTICIPAR,NO_GO,HIGH,MUNICIPIO DE BALNEARIO CAMBORIU,"Oportunidade 129 → NÃO_PARTICIPAR (score=35, conf=HIGH) órgão=MUNICIPIO DE BALNEARIO CAMBORIU",[],"[""apetite_consorcios"", ""capacidade_garantia"", ""capacidade_simultanea"", ""capital_giro"", ""cats_atestados"", ""certidoes"", ""client_object_fit"", ""contratos_atuais"", ""equipamentos"", ""equipe"", ""link_edital"", ""margem_minima"", ""risco_aceitavel""]"
dec-272,decision-20260719T221130Z-fb0c4820ba,db621d0de72e523f9a821430dfdd5326c7498b5646a13481e6cc7657fb488aa1,2026-07-19,272,NÃO_PARTICIPAR,NO_GO,HIGH,MUNICIPIO DE ITAIOPOLIS,"Oportunidade 272 → NÃO_PARTICIPAR (score=35, conf=HIGH) órgão=MUNICIPIO DE ITAIOPOLIS",[],"[""apetite_consorcios"", ""capacidade_garantia"", ""capacidade_simultanea"", ""capital_giro"", ""cats_atestados"", ""certidoes"", ""client_object_fit"", ""contratos_atuais"", ""equipamentos"", ""equipe"", ""link_edital"", ""margem_minima"", ""risco_aceitavel""]"
dec-60,decision-20260719T221130Z-fb0c4820ba,db621d0de72e523f9a821430dfdd5326c7498b5646a13481e6cc7657fb488aa1,2026-07-19,60,NÃO_PARTICIPAR,NO_GO,HIGH,MUNICIPIO DE ICARA,"Oportunidade 60 → NÃO_PARTICIPAR (score=35, conf=HIGH) órgão=MUNICIPIO DE ICARA",[],"[""apetite_consorcios"", ""capacidade_garantia"", ""capacidade_simultanea"", ""capital_giro"", ""cats_atestados"", ""certidoes"", ""client_object_fit"", ""contratos_atuais"", ""equipamentos"", ""equipe"", ""link_edital"", ""margem_minima"", ""risco_aceitavel""]"
dec-59,decision-20260719T221130Z-fb0c4820ba,db621d0de72e523f9a821430dfdd5326c7498b5646a13481e6cc7657fb488aa1,2026-07-19,59,NÃO_PARTICIPAR,NO_GO,HIGH,COMPANHIA CATARINENSE DE AGUAS E SANEAMENTO CASAN,"Oportunidade 59 → NÃO_PARTICIPAR (score=35, conf=HIGH) órgão=COMPANHIA CATARINENSE DE AGUAS E SANEAMENTO CASAN",[],"[""apetite_consorcios"", ""capacidade_garantia"", ""capacidade_simultanea"", ""capital_giro"", ""cats_atestados"", ""certidoes"", ""client_object_fit"", ""contratos_atuais"", ""equipamentos"", ""equipe"", ""margem_minima"", ""risco_aceitavel"", ""valor_estimado""]"
dec-210,decision-20260719T221130Z-fb0c4820ba,db621d0de72e523f9a821430dfdd5326c7498b5646a13481e6cc7657fb488aa1,2026-07-19,210,NÃO_PARTICIPAR,NO_GO,HIGH,MUNICIPIO DE FAXINAL DOS GUEDES,"Oportunidade 210 → NÃO_PARTICIPAR (score=35, conf=HIGH) órgão=MUNICIPIO DE FAXINAL DOS GUEDES",[],"[""apetite_consorcios"", ""capacidade_garantia"", ""capacidade_simultanea"", ""capital_giro"", ""cats_atestados"", ""certidoes"", ""client_object_fit"", ""contratos_atuais"", ""equipamentos"", ""equipe"", ""margem_minima"", ""risco_aceitavel""]"
dec-206,decision-20260719T221130Z-fb0c4820ba,db621d0de72e523f9a821430dfdd5326c7498b5646a13481e6cc7657fb488aa1,2026-07-19,206,NÃO_PARTICIPAR,NO_GO,HIGH,MINISTERIO PUBLICO DO ESTADO DE SANTA CATARINA PROCURADORIA GERAL DE JUSTICA,"Oportunidade 206 → NÃO_PARTICIPAR (score=35, conf=HIGH) órgão=MINISTERIO PUBLICO DO ESTADO DE SANTA CATARINA PROCURADORIA GERAL DE JUSTICA",[],"[""apetite_consorcios"", ""capacidade_garantia"", ""capacidade_simultanea"", ""capital_giro"", ""cats_atestados"", ""certidoes"", ""client_object_fit"", ""contratos_atuais"", ""equipamentos"", ""equipe"", ""margem_minima"", ""risco_aceitavel""]"
dec-55,decision-20260719T221130Z-fb0c4820ba,db621d0de72e523f9a821430dfdd5326c7498b5646a13481e6cc7657fb488aa1,2026-07-19,55,NÃO_PARTICIPAR,NO_GO,HIGH,EMPRESA BRASILEIRA DE SERVICOS HOSPITALARES - EBSERH,"Oportunidade 55 → NÃO_PARTICIPAR (score=35, conf=HIGH) órgão=EMPRESA BRASILEIRA DE SERVICOS HOSPITALARES - EBSERH",[],"[""apetite_consorcios"", ""capacidade_garantia"", ""capacidade_simultanea"", ""capital_giro"", ""cats_atestados"", ""certidoes"", ""client_object_fit"", ""contratos_atuais"", ""equipamentos"", ""equipe"", ""margem_minima"", ""risco_aceitavel"", ""valor_estimado""]"
dec-208,decision-20260719T221130Z-fb0c4820ba,db621d0de72e523f9a821430dfdd5326c7498b5646a13481e6cc7657fb488aa1,2026-07-19,208,NÃO_PARTICIPAR,NO_GO,HIGH,MINISTERIO PUBLICO DO ESTADO DE SANTA CATARINA PROCURADORIA GERAL DE JUSTICA,"Oportunidade 208 → NÃO_PARTICIPAR (score=35, conf=HIGH) órgão=MINISTERIO PUBLICO DO ESTADO DE SANTA CATARINA PROCURADORIA GERAL DE JUSTICA",[],"[""apetite_consorcios"", ""capacidade_garantia"", ""capacidade_simultanea"", ""capital_giro"", ""cats_atestados"", ""certidoes"", ""client_object_fit"", ""contratos_atuais"", ""equipamentos"", ""equipe"", ""margem_minima"", ""risco_aceitavel""]"
dec-103,decision-20260719T221130Z-fb0c4820ba,db621d0de72e523f9a821430dfdd5326c7498b5646a13481e6cc7657fb488aa1,2026-07-19,103,NÃO_PARTICIPAR,NO_GO,HIGH,MUNICIPIO DE CANOINHAS,"Oportunidade 103 → NÃO_PARTICIPAR (score=35, conf=HIGH) órgão=MUNICIPIO DE CANOINHAS",[],"[""apetite_consorcios"", ""capacidade_garantia"", ""capacidade_simultanea"", ""capital_giro"", ""cats_atestados"", ""certidoes"", ""client_object_fit"", ""contratos_atuais"", ""equipamentos"", ""equipe"", ""link_edital"", ""margem_minima"", ""risco_aceitavel""]"
dec-15,decision-20260719T221130Z-fb0c4820ba,db621d0de72e523f9a821430dfdd5326c7498b5646a13481e6cc7657fb488aa1,2026-07-19,15,NÃO_PARTICIPAR,NO_GO,HIGH,MUNICIPIO DE JOINVILLE,"Oportunidade 15 → NÃO_PARTICIPAR (score=35, conf=HIGH) órgão=MUNICIPIO DE JOINVILLE",[],"[""apetite_consorcios"", ""capacidade_garantia"", ""capacidade_simultanea"", ""capital_giro"", ""cats_atestados"", ""certidoes"", ""client_object_fit"", ""contratos_atuais"", ""equipamentos"", ""equipe"", ""margem_minima"", ""risco_aceitavel""]"
dec-183,decision-20260719T221130Z-fb0c4820ba,db621d0de72e523f9a821430dfdd5326c7498b5646a13481e6cc7657fb488aa1,2026-07-19,183,NÃO_PARTICIPAR,NO_GO,HIGH,FUNDACAO UNIVERSIDADE DO ESTADO DE SC UDESC,"Oportunidade 183 → NÃO_PARTICIPAR (score=35, conf=HIGH) órgão=FUNDACAO UNIVERSIDADE DO ESTADO DE SC UDESC",[],"[""apetite_consorcios"", ""capacidade_garantia"", ""capacidade_simultanea"", ""capital_giro"", ""cats_atestados"", ""certidoes"", ""client_object_fit"", ""contratos_atuais"", ""equipamentos"", ""equipe"", ""link_edital"", ""margem_minima"", ""risco_aceitavel"", ""valor_estimado""]"
dec-209,decision-20260719T221130Z-fb0c4820ba,db621d0de72e523f9a821430dfdd5326c7498b5646a13481e6cc7657fb488aa1,2026-07-19,209,NÃO_PARTICIPAR,NO_GO,HIGH,FUNDO ESTADUAL DE SAUDE,"Oportunidade 209 → NÃO_PARTICIPAR (score=35, conf=HIGH) órgão=FUNDO ESTADUAL DE SAUDE",[],"[""apetite_consorcios"", ""capacidade_garantia"", ""capacidade_simultanea"", ""capital_giro"", ""cats_atestados"", ""certidoes"", ""client_object_fit"", ""contratos_atuais"", ""equipamentos"", ""equipe"", ""link_edital"", ""margem_minima"", ""risco_aceitavel"", ""valor_estimado""]"
dec-211,decision-20260719T221130Z-fb0c4820ba,db621d0de72e523f9a821430dfdd5326c7498b5646a13481e6cc7657fb488aa1,2026-07-19,211,NÃO_PARTICIPAR,NO_GO,HIGH,FUNDO ESTADUAL DE SAUDE,"Oportunidade 211 → NÃO_PARTICIPAR (score=35, conf=HIGH) órgão=FUNDO ESTADUAL DE SAUDE",[],"[""apetite_consorcios"", ""capacidade_garantia"", ""capacidade_simultanea"", ""capital_giro"", ""cats_atestados"", ""certidoes"", ""client_object_fit"", ""contratos_atuais"", ""equipamentos"", ""equipe"", ""link_edital"", ""margem_minima"", ""risco_aceitavel"", ""valor_estimado""]"
dec-52,decision-20260719T221130Z-fb0c4820ba,db621d0de72e523f9a821430dfdd5326c7498b5646a13481e6cc7657fb488aa1,2026-07-19,52,NÃO_PARTICIPAR,NO_GO,HIGH,MUNICIPIO DE BRACO DO NORTE,"Oportunidade 52 → NÃO_PARTICIPAR (score=35, conf=HIGH) órgão=MUNICIPIO DE BRACO DO NORTE",[],"[""apetite_consorcios"", ""capacidade_garantia"", ""capacidade_simultanea"", ""capital_giro"", ""cats_atestados"", ""certidoes"", ""client_object_fit"", ""contratos_atuais"", ""equipamentos"", ""equipe"", ""margem_minima"", ""risco_aceitavel""]"
dec-98,decision-20260719T221130Z-fb0c4820ba,db621d0de72e523f9a821430dfdd5326c7498b5646a13481e6cc7657fb488aa1,2026-07-19,98,NÃO_PARTICIPAR,NO_GO,HIGH,CONSORCIO INTERMUNICIPAL SERRA CATARINENSE,"Oportunidade 98 → NÃO_PARTICIPAR (score=35, conf=HIGH) órgão=CONSORCIO INTERMUNICIPAL SERRA CATARINENSE",[],"[""apetite_consorcios"", ""capacidade_garantia"", ""capacidade_simultanea"", ""capital_giro"", ""cats_atestados"", ""certidoes"", ""client_object_fit"", ""contratos_atuais"", ""equipamentos"", ""equipe"", ""margem_minima"", ""risco_aceitavel""]"
dec-196,decision-20260719T221130Z-fb0c4820ba,db621d0de72e523f9a821430dfdd5326c7498b5646a13481e6cc7657fb488aa1,2026-07-19,196,NÃO_PARTICIPAR,NO_GO,HIGH,MUNICIPIO DE SALTO VELOSO,"Oportunidade 196 → NÃO_PARTICIPAR (score=35, conf=HIGH) órgão=MUNICIPIO DE SALTO VELOSO",[],"[""apetite_consorcios"", ""capacidade_garantia"", ""capacidade_simultanea"", ""capital_giro"", ""cats_atestados"", ""certidoes"", ""client_object_fit"", ""contratos_atuais"", ""equipamentos"", ""equipe"", ""link_edital"", ""margem_minima"", ""risco_aceitavel""]"
dec-118,decision-20260719T221130Z-fb0c4820ba,db621d0de72e523f9a821430dfdd5326c7498b5646a13481e6cc7657fb488aa1,2026-07-19,118,NÃO_PARTICIPAR,NO_GO,HIGH,MUNICIPIO DE CHAPECO,"Oportunidade 118 → NÃO_PARTICIPAR (score=35, conf=HIGH) órgão=MUNICIPIO DE CHAPECO",[],"[""apetite_consorcios"", ""capacidade_garantia"", ""capacidade_simultanea"", ""capital_giro"", ""cats_atestados"", ""certidoes"", ""client_object_fit"", ""contratos_atuais"", ""equipamentos"", ""equipe"", ""margem_minima"", ""risco_aceitavel""]"
dec-14,decision-20260719T221130Z-fb0c4820ba,db621d0de72e523f9a821430dfdd5326c7498b5646a13481e6cc7657fb488aa1,2026-07-19,14,NÃO_PARTICIPAR,NO_GO,HIGH,MUNICIPIO DE GUARAMIRIM,"Oportunidade 14 → NÃO_PARTICIPAR (score=35, conf=HIGH) órgão=MUNICIPIO DE GUARAMIRIM",[],"[""apetite_consorcios"", ""capacidade_garantia"", ""capacidade_simultanea"", ""capital_giro"", ""cats_atestados"", ""certidoes"", ""client_object_fit"", ""contratos_atuais"", ""equipamentos"", ""equipe"", ""link_edital"", ""margem_minima"", ""risco_aceitavel""]"
dec-197,decision-20260719T221130Z-fb0c4820ba,db621d0de72e523f9a821430dfdd5326c7498b5646a13481e6cc7657fb488aa1,2026-07-19,197,NÃO_PARTICIPAR,NO_GO,HIGH,FUNDO ESTADUAL DE SAUDE,"Oportunidade 197 → NÃO_PARTICIPAR (score=35, conf=HIGH) órgão=FUNDO ESTADUAL DE SAUDE",[],"[""apetite_consorcios"", ""capacidade_garantia"", ""capacidade_simultanea"", ""capital_giro"", ""cats_atestados"", ""certidoes"", ""client_object_fit"", ""contratos_atuais"", ""equipamentos"", ""equipe"", ""link_edital"", ""margem_minima"", ""risco_aceitavel"", ""valor_estimado""]"
dec-173,decision-20260719T221130Z-fb0c4820ba,db621d0de72e523f9a821430dfdd5326c7498b5646a13481e6cc7657fb488aa1,2026-07-19,173,NÃO_PARTICIPAR,NO_GO,HIGH,MUNICIPIO DE PERITIBA,"Oportunidade 173 → NÃO_PARTICIPAR (score=35, conf=HIGH) órgão=MUNICIPIO DE PERITIBA",[],"[""apetite_consorcios"", ""capacidade_garantia"", ""capacidade_simultanea"", ""capital_giro"", ""cats_atestados"", ""certidoes"", ""client_object_fit"", ""contratos_atuais"", ""equipamentos"", ""equipe"", ""margem_minima"", ""risco_aceitavel""]"
dec-90,decision-20260719T221130Z-fb0c4820ba,db621d0de72e523f9a821430dfdd5326c7498b5646a13481e6cc7657fb488aa1,2026-07-19,90,NÃO_PARTICIPAR,NO_GO,HIGH,CAMARA MUNICIPAL DE VEREADORES DE ITA,"Oportunidade 90 → NÃO_PARTICIPAR (score=35, conf=HIGH) órgão=CAMARA MUNICIPAL DE VEREADORES DE ITA",[],"[""apetite_consorcios"", ""capacidade_garantia"", ""capacidade_simultanea"", ""capital_giro"", ""cats_atestados"", ""certidoes"", ""client_object_fit"", ""contratos_atuais"", ""equipamentos"", ""equipe"", ""margem_minima"", ""risco_aceitavel""]"
dec-8,decision-20260719T221130Z-fb0c4820ba,db621d0de72e523f9a821430dfdd5326c7498b5646a13481e6cc7657fb488aa1,2026-07-19,8,NÃO_PARTICIPAR,NO_GO,HIGH,SECRETARIA DE ESTADO DA ADMINISTRACAO,"Oportunidade 8 → NÃO_PARTICIPAR (score=35, conf=HIGH) órgão=SECRETARIA DE ESTADO DA ADMINISTRACAO",[],"[""apetite_consorcios"", ""capacidade_garantia"", ""capacidade_simultanea"", ""capital_giro"", ""cats_atestados"", ""certidoes"", ""client_object_fit"", ""contratos_atuais"", ""equipamentos"", ""equipe"", ""link_edital"", ""margem_minima"", ""risco_aceitavel""]"
dec-88,decision-20260719T221130Z-fb0c4820ba,db621d0de72e523f9a821430dfdd5326c7498b5646a13481e6cc7657fb488aa1,2026-07-19,88,NÃO_PARTICIPAR,NO_GO,HIGH,MUNICIPIO DE CAPINZAL,"Oportunidade 88 → NÃO_PARTICIPAR (score=35, conf=HIGH) órgão=MUNICIPIO DE CAPINZAL",[],"[""apetite_consorcios"", ""capacidade_garantia"", ""capacidade_simultanea"", ""capital_giro"", ""cats_atestados"", ""certidoes"", ""client_object_fit"", ""contratos_atuais"", ""equipamentos"", ""equipe"", ""link_edital"", ""margem_minima"", ""risco_aceitavel""]"
dec-13,decision-20260719T221130Z-fb0c4820ba,db621d0de72e523f9a821430dfdd5326c7498b5646a13481e6cc7657fb488aa1,2026-07-19,13,NÃO_PARTICIPAR,NO_GO,HIGH,CONSELHO REGIONAL DE MEDICINA DO EST DE SANTA CATARINA,"Oportunidade 13 → NÃO_PARTICIPAR (score=35, conf=HIGH) órgão=CONSELHO REGIONAL DE MEDICINA DO EST DE SANTA CATARINA",[],"[""apetite_consorcios"", ""capacidade_garantia"", ""capacidade_simultanea"", ""capital_giro"", ""cats_atestados"", ""certidoes"", ""client_object_fit"", ""contratos_atuais"", ""equipamentos"", ""equipe"", ""margem_minima"", ""risco_aceitavel""]"
dec-114,decision-20260719T221130Z-fb0c4820ba,db621d0de72e523f9a821430dfdd5326c7498b5646a13481e6cc7657fb488aa1,2026-07-19,114,NÃO_PARTICIPAR,NO_GO,HIGH,FUNDO MUNICIPAL DE SAUDE,"Oportunidade 114 → NÃO_PARTICIPAR (score=35, conf=HIGH) órgão=FUNDO MUNICIPAL DE SAUDE",[],"[""apetite_consorcios"", ""capacidade_garantia"", ""capacidade_simultanea"", ""capital_giro"", ""cats_atestados"", ""certidoes"", ""client_object_fit"", ""contratos_atuais"", ""equipamentos"", ""equipe"", ""link_edital"", ""margem_minima"", ""risco_aceitavel""]"
dec-176,decision-20260719T221130Z-fb0c4820ba,db621d0de72e523f9a821430dfdd5326c7498b5646a13481e6cc7657fb488aa1,2026-07-19,176,NÃO_PARTICIPAR,NO_GO,HIGH,COMANDO DA MARINHA,"Oportunidade 176 → NÃO_PARTICIPAR (score=35, conf=HIGH) órgão=COMANDO DA MARINHA",[],"[""apetite_consorcios"", ""capacidade_garantia"", ""capacidade_simultanea"", ""capital_giro"", ""cats_atestados"", ""certidoes"", ""client_object_fit"", ""contratos_atuais"", ""equipamentos"", ""equipe"", ""margem_minima"", ""risco_aceitavel""]"
dec-199,decision-20260719T221130Z-fb0c4820ba,db621d0de72e523f9a821430dfdd5326c7498b5646a13481e6cc7657fb488aa1,2026-07-19,199,NÃO_PARTICIPAR,NO_GO,HIGH,COMANDO DO EXERCITO,"Oportunidade 199 → NÃO_PARTICIPAR (score=35, conf=HIGH) órgão=COMANDO DO EXERCITO",[],"[""apetite_consorcios"", ""capacidade_garantia"", ""capacidade_simultanea"", ""capital_giro"", ""cats_atestados"", ""certidoes"", ""client_object_fit"", ""contratos_atuais"", ""equipamentos"", ""equipe"", ""margem_minima"", ""risco_aceitavel""]"
dec-146,decision-20260719T221130Z-fb0c4820ba,db621d0de72e523f9a821430dfdd5326c7498b5646a13481e6cc7657fb488aa1,2026-07-19,146,NÃO_PARTICIPAR,NO_GO,HIGH,MUNICIPIO DE CONCORDIA,"Oportunidade 146 → NÃO_PARTICIPAR (score=35, conf=HIGH) órgão=MUNICIPIO DE CONCORDIA",[],"[""apetite_consorcios"", ""capacidade_garantia"", ""capacidade_simultanea"", ""capital_giro"", ""cats_atestados"", ""certidoes"", ""client_object_fit"", ""contratos_atuais"", ""equipamentos"", ""equipe"", ""link_edital"", ""margem_minima"", ""risco_aceitavel""]"
dec-127,decision-20260719T221130Z-fb0c4820ba,db621d0de72e523f9a821430dfdd5326c7498b5646a13481e6cc7657fb488aa1,2026-07-19,127,NÃO_PARTICIPAR,NO_GO,HIGH,MUNICIPIO DE CAMBORIU,"Oportunidade 127 → NÃO_PARTICIPAR (score=35, conf=HIGH) órgão=MUNICIPIO DE CAMBORIU",[],"[""apetite_consorcios"", ""capacidade_garantia"", ""capacidade_simultanea"", ""capital_giro"", ""cats_atestados"", ""certidoes"", ""client_object_fit"", ""contratos_atuais"", ""equipamentos"", ""equipe"", ""link_edital"", ""margem_minima"", ""risco_aceitavel""]"
dec-190,decision-20260719T221130Z-fb0c4820ba,db621d0de72e523f9a821430dfdd5326c7498b5646a13481e6cc7657fb488aa1,2026-07-19,190,NÃO_PARTICIPAR,NO_GO,HIGH,FUNDO PENITENCIARIO DO ESTADO DE SANTA CATARINA FUPESC,"Oportunidade 190 → NÃO_PARTICIPAR (score=35, conf=HIGH) órgão=FUNDO PENITENCIARIO DO ESTADO DE SANTA CATARINA FUPESC",[],"[""apetite_consorcios"", ""capacidade_garantia"", ""capacidade_simultanea"", ""capital_giro"", ""cats_atestados"", ""certidoes"", ""client_object_fit"", ""contratos_atuais"", ""equipamentos"", ""equipe"", ""link_edital"", ""margem_minima"", ""risco_aceitavel"", ""valor_estimado""]"
dec-142,decision-20260719T221130Z-fb0c4820ba,db621d0de72e523f9a821430dfdd5326c7498b5646a13481e6cc7657fb488aa1,2026-07-19,142,NÃO_PARTICIPAR,NO_GO,HIGH,MUNICIPIO DE RIO DO SUL,"Oportunidade 142 → NÃO_PARTICIPAR (score=35, conf=HIGH) órgão=MUNICIPIO DE RIO DO SUL",[],"[""apetite_consorcios"", ""capacidade_garantia"", ""capacidade_simultanea"", ""capital_giro"", ""cats_atestados"", ""certidoes"", ""client_object_fit"", ""contratos_atuais"", ""equipamentos"", ""equipe"", ""margem_minima"", ""risco_aceitavel""]"
dec-42,decision-20260719T221130Z-fb0c4820ba,db621d0de72e523f9a821430dfdd5326c7498b5646a13481e6cc7657fb488aa1,2026-07-19,42,NÃO_PARTICIPAR,NO_GO,HIGH,MUNICIPIO DE MONDAI,"Oportunidade 42 → NÃO_PARTICIPAR (score=35, conf=HIGH) órgão=MUNICIPIO DE MONDAI",[],"[""apetite_consorcios"", ""capacidade_garantia"", ""capacidade_simultanea"", ""capital_giro"", ""cats_atestados"", ""certidoes"", ""client_object_fit"", ""contratos_atuais"", ""equipamentos"", ""equipe"", ""link_edital"", ""margem_minima"", ""risco_aceitavel""]"
dec-150,decision-20260719T221130Z-fb0c4820ba,db621d0de72e523f9a821430dfdd5326c7498b5646a13481e6cc7657fb488aa1,2026-07-19,150,NÃO_PARTICIPAR,NO_GO,HIGH,MUNICIPIO DE PALHOCA,"Oportunidade 150 → NÃO_PARTICIPAR (score=35, conf=HIGH) órgão=MUNICIPIO DE PALHOCA",[],"[""apetite_consorcios"", ""capacidade_garantia"", ""capacidade_simultanea"", ""capital_giro"", ""cats_atestados"", ""certidoes"", ""client_object_fit"", ""contratos_atuais"", ""equipamentos"", ""equipe"", ""link_edital"", ""margem_minima"", ""risco_aceitavel""]"
